node_count,uwb_sigma_m,seed,rmse_aligned_m,mae_aligned_m,pairwise_dist_mae_m
8,0,211,0.0006626319556942603,0.0005445312238809577,0.0005720727643392218
8,0.1,211,0.03275696553073773,0.03177094575104843,0.0343036538391927
8,0.2,211,0.06547189544232992,0.06350199784077336,0.06856209731882734
8,0.3,211,0.0981452494725189,0.09519357564160717,0.10277514355842494
8,0.4,211,0.13077747887450708,0.12684609172791175,0.1369426095048537
8,0.5,211,0.1633690265196434,0.15845995187110548,0.1710643157905416
8,0.6,211,0.19592032701223655,0.19003555505027,0.20514008660019475
8,0.7,211,0.22843180681514633,0.22157329347689314,0.23916974954537443
8,0.8,211,0.26090388438497025,0.2530735526325728,0.27315313554652726
8,0.9,211,0.29333697031560546,0.2845367113184542,0.30709007872191
8,1,211,0.32573146748916687,0.3159631417153616,0.3409804162829943
8,1.5,211,0.4854283268818751,0.4125053477458376,0.5240778483790053
8,2,211,0.8523611173387815,0.7045694574755792,0.92069650315954
8,3,211,0.956149695892079,0.8934108548284235,0.9720560714534432
8,4,211,1.467626047380165,1.3105451144865623,1.3387289780301541
8,5,211,1.5660518831727104,1.41543637275576,1.3239149006153956
8,0,10211,0.0006626319556942603,0.0005445312238809577,0.0005720727643392218
8,0.1,10211,0.03390787193741654,0.03121407461169693,0.03484823202448089
8,0.2,10211,0.06787564549915881,0.06247904464297259,0.06973463719171727
8,0.3,10211,0.10190459330359025,0.09379441458127408,0.10465590758430221
8,0.4,10211,0.13599632292653893,0.12515981792282332,0.13960850976069814
8,0.5,10211,0.17015285027727248,0.15657505497535412,0.17458866079090266
8,0.6,10211,0.2043766894718386,0.1880401410477943,0.20959230213167326
8,0.7,10211,0.23867096294969684,0.21955536794037478,0.24461507158853582
8,0.8,10211,0.27303953628433997,0.25112138239141146,0.2796522738542655
8,0.9,10211,0.3074871828573309,0.2827392860150299,0.3146988504634654
8,1,10211,0.34201978419288426,0.3144107622547618,0.3497493504948793
8,1.5,10211,0.5812548910139173,0.5199032268208269,0.5983294797249515
8,2,10211,0.7761531231715256,0.6946781254922089,0.8004745466862957
8,3,10211,0.8984832124353068,0.7975655526154071,0.766440968705304
8,4,10211,1.2565570712193115,1.1133481250927098,1.1854279241516346
8,5,10211,2.3922082856858022,2.329087408907447,2.6345484494430593
8,0,20211,0.0006626319556942603,0.0005445312238809577,0.0005720727643392218
8,0.1,20211,0.029603050237134748,0.027623366319689445,0.028836510181056343
8,0.2,20211,0.05920100475525349,0.0552454580752854,0.057669764883482265
8,0.3,20211,0.08879425421543458,0.08286663929137104,0.08649872948932417
8,0.4,20211,0.11838317296609456,0.11048726330354637,0.1153223933982709
8,0.5,20211,0.1479681175514186,0.13810767078596825,0.14413976961808705
8,0.6,20211,0.17754942554396805,0.16572818809208473,0.1729498942894305
8,0.7,20211,0.20712741466573723,0.19334912588123998,0.20175182615714668
8,0.8,20211,0.23670238216378509,0.22097077800423626,0.23054464599916033
8,0.9,20211,0.266274604408513,0.2485934206216126,0.2593274560226508
8,1,20211,0.2958443366852149,0.276217311529747,0.2880993792363521
8,1.5,20211,0.570565493598737,0.48231460113171715,0.6206195323393213
8,2,20211,0.8477456195119948,0.7880669332998003,0.7447526485033286
8,3,20211,0.8014237783504982,0.6965663745627696,0.6349422350578885
8,4,20211,1.082792216657702,0.9607163124172222,0.7724974563089727
8,5,20211,1.9115967090333776,1.7576384070282343,2.058169004992692
8,0,30211,0.0006626319556942603,0.0005445312238809577,0.0005720727643392218
8,0.1,30211,0.02417477174980953,0.023297508567629646,0.02173522732597109
8,0.2,30211,0.04834718247756416,0.046591630516461646,0.043473743577119896
8,0.3,30211,0.07251738678306173,0.06988250393997421,0.06521518725203877
8,0.4,30211,0.0966855280720346,0.09317025546868149,0.08695919945542675
8,0.5,30211,0.12085173896219681,0.11645500068384702,0.10870542376295948
8,0.6,30211,0.14501614167017726,0.1397368445134907,0.13045350609430642
8,0.7,30211,0.1691788483806001,0.1630158816116823,0.15220309459418266
8,0.8,30211,0.19333996159851954,0.18629219672211458,0.17395383952143728
8,0.9,30211,0.21749957448652646,0.20956586502704694,0.195705393146127
8,1,30211,0.2416577711874308,0.23283695248233768,0.2174574096544208
8,1.5,30211,0.3624298634897268,0.3491553792177683,0.32621245573326113
8,2,30211,0.5805023695214154,0.5160382776530809,0.5663198476168808
8,3,30211,0.8096583065449193,0.6957447762823481,0.839659784756298
8,4,30211,1.0585327733746024,0.9150746059837939,1.0996630029961096
8,5,30211,2.092294343523214,1.85403236666969,2.171649238107835
8,0,40211,0.0006626319556942603,0.0005445312238809577,0.0005720727643392218
8,0.1,40211,0.04513866397815922,0.03867797188650687,0.0469097601486183
8,0.2,40211,0.09031967992382671,0.07738258543862661,0.09392063880376691
8,0.3,40211,0.13554266219943664,0.1161136643690581,0.14103232978512956
8,0.4,40211,0.18080722187006207,0.15487102895951063,0.18824451461044234
8,0.5,40211,0.22611296738117456,0.19365449665305684,0.23555686209676135
8,0.6,40211,0.2714595052100237,0.23246388261816145,0.2829690280178523
8,0.7,40211,0.3168464404915122,0.2712990002856524,0.3304806548153659
8,0.8,40211,0.36227337761948547,0.3101596618599649,0.3780913713618869
8,0.9,40211,0.407739920824046,0.34904567880578485,0.4258007927740487
8,1,40211,0.4532456747254042,0.3879568623110494,0.4736085202738652
8,1.5,40211,0.44647113176522074,0.4053507260488597,0.41672355938330263
8,2,40211,0.760079229033465,0.7080350734442628,0.6980879235661634
8,3,40211,1.0200252205661084,0.9216038073395878,1.0598093990875286
8,4,40211,1.5662308020331388,1.2623025542420514,1.5955714467550262
8,5,40211,1.959229140744957,1.5798185892330945,2.003669847560793
8,0,50211,0.0006626319556942603,0.0005445312238809577,0.0005720727643392218
8,0.1,50211,0.03361267520417541,0.030187480470164348,0.0341953911191532
8,0.2,50211,0.06725219155061146,0.060413284030164535,0.06843960417908876
8,0.3,50211,0.10091816240082001,0.09067679496891211,0.1027318998765159
8,0.4,50211,0.1346102014663395,0.1209773834858148,0.13707154113430445
8,0.5,50211,0.16832792292727206,0.15131440800373877,0.17145779322725443
8,0.6,50211,0.20207094155190133,0.18168721721957126,0.20588992390873168
8,0.7,50211,0.2358388728172288,0.21209515192837686,0.24036720353797073
8,0.8,50211,0.26963133303014053,0.24253754665158297,0.274888905207617
8,0.9,50211,0.3034479394489943,0.2730137310950733,0.3094543048713704
8,1,50211,0.3100093502662179,0.27781909954882644,0.24504664908589044
8,1.5,50211,0.44806240588208945,0.39683404495788765,0.48865426104092496
8,2,50211,0.5980912142815109,0.5294957985661228,0.6533088330958432
8,3,50211,1.2819681173915958,1.0987214161180354,1.3007328884676608
8,4,50211,1.392430881056145,1.2808372207629248,1.4554175019560607
8,5,50211,1.636277236952963,1.4239167080361916,1.4950305019000958
8,0,60211,0.0006626319556942603,0.0005445312238809577,0.0005720727643392218
8,0.1,60211,0.0285878522538925,0.024133498884809496,0.02501151661623389
8,0.2,60211,0.057110861649970174,0.04820676835106593,0.049952339028275575
8,0.3,60211,0.0855684403521489,0.07221901736206962,0.07482172055918003
8,0.4,60211,0.11396015907286697,0.09616955840731496,0.09961907528025708
8,0.5,60211,0.14228574971153735,0.12005781379727425,0.12434398103713483
8,0.6,60211,0.170545106651048,0.1438833211203925,0.1490462969950139
8,0.7,60211,0.19873828670362859,0.16764573773727312,0.17372895099414398
8,0.8,60211,0.2268655077210362,0.19134484421930434,0.1983664817846519
8,0.9,60211,0.2549271459070058,0.21498054667142238,0.22295920257519494
8,1,60211,0.28292373189154646,0.2385528779099569,0.24750753906536288
8,1.5,60211,0.3624843233226345,0.34764750246541,0.2997062419892914
8,2,60211,0.5808688271551024,0.5402174718205942,0.4860980976970474
8,3,60211,0.9125932020705351,0.8471986295232163,0.9044996270135368
8,4,60211,1.1509756114949377,1.0749631286823165,1.1311819374002046
8,5,60211,1.4933001447472105,1.3613715555984558,1.5128945220329855
8,0,70211,0.0006626319556942603,0.0005445312238809577,0.0005720727643392218
8,0.1,70211,0.02218513172236456,0.018929590183267415,0.0200835780692612
8,0.2,70211,0.044356098536211794,0.03784630977417522,0.04016696053103751
8,0.3,70211,0.06651258100590089,0.056749920866908735,0.0602492176926008
8,0.4,70211,0.08865429469986262,0.07564021152450277,0.08032947035210987
8,0.5,70211,0.11078098724063458,0.09451699373169274,0.10040688754287895
8,0.6,70211,0.13289243560171604,0.11338010152124585,0.12048068432119637
8,0.7,70211,0.15498844363512784,0.13222938926114347,0.14055011960743274
8,0.8,70211,0.17706883981348487,0.15106473009042382,0.1606144940881403
8,0.9,70211,0.19913347517052288,0.1698860144917749,0.18067314818484168
8,1,70211,0.2211822214245367,0.1886931489896499,0.2007254600936923
8,1.5,70211,0.3557574915013963,0.34311864266370473,0.3037129451277421
8,2,70211,0.6206237837165582,0.580141124245505,0.6173447988688867
8,3,70211,0.7044053541507088,0.6723428662754323,0.6475292278031988
8,4,70211,1.362415483041074,1.1243697992871127,1.4405111201414778
8,5,70211,1.7309520773906837,1.5466674401968026,1.917795218258237
8,0,80211,0.0006626319556942603,0.0005445312238809577,0.0005720727643392218
8,0.1,80211,0.039572090309510886,0.03640553138721774,0.038237319407826646
8,0.2,80211,0.0791923767824896,0.07285163851556019,0.07652112985097241
8,0.3,80211,0.11886111086944436,0.10933832932219582,0.11485103543429101
8,0.4,80211,0.1585785895832311,0.14586564026603036,0.15322666333529272
8,0.5,80211,0.19834516073147276,0.18243364102747786,0.19164766676363557
8,0.6,80211,0.23816122877155765,0.21904243997808198,0.2301137282638883
8,0.7,80211,0.2780272613624682,0.2556921905512587,0.26862456339895757
8,0.8,80211,0.3179437966951392,0.29238309866838297,0.3071799248537261
8,0.9,80211,0.35791145169065514,0.32911543140142363,0.345779607000217
8,1,80211,0.39793093116300277,0.3658895270847011,0.3844389210289721
8,1.5,80211,0.4368434382366951,0.40082337764910747,0.34879532735328445
8,2,80211,0.5337648036953506,0.4784296099598718,0.5982943750130019
8,3,80211,1.2239637792502136,1.06787087871363,1.3063911660902423
8,4,80211,1.8763738256183753,1.6918441759120335,2.1017645014892774
8,5,80211,1.6169603901911183,1.4462833774632924,1.5165029133400103
8,0,90211,0.0006626319556942603,0.0005445312238809577,0.0005720727643392218
8,0.1,90211,0.025577659555040252,0.02265493329709225,0.024535097953384172
8,0.2,90211,0.05111142041518922,0.045253375690501155,0.04903158858426455
8,0.3,90211,0.07660231892531703,0.06779678599280532,0.07348988279395383
8,0.4,90211,0.10205136154291353,0.09028656166746186,0.09791039913279517
8,0.5,90211,0.1274595257162265,0.11272404215660865,0.12229356134936718
8,0.6,90211,0.15282776067474788,0.1351105119298819,0.14663979622319642
8,0.7,90211,0.1781569881529944,0.15744720328900605,0.17094953164976087
8,0.8,90211,0.20344810306381186,0.17973529895762613,0.19522319495026214
8,0.9,90211,0.22870197413385834,0.20197593448154075,0.2195515649639931
8,1,90211,0.24761014575997298,0.19727889084447026,0.24642614876109833
8,1.5,90211,0.3706305456189541,0.29541148453397065,0.3695856711114537
8,2,90211,0.7574011143392919,0.7003860069136323,0.7983144934339383
8,3,90211,0.9477382532615525,0.9005239008870456,0.9445272194889702
8,4,90211,1.1059438131142207,0.9393740517855341,1.1412720008105424
8,5,90211,2.143723949652047,1.9497379807236768,2.2321891760726316