time_s,rmse_gps_m,rmse_ekf_m,rmse_ekf_tuned_m,r_untuned,q_untuned,r_tuned,q_tuned,std,n
0,27.468126169652443,27.468126169652443,27.468126169652443,100,1,400,0.01,20,1
1,27.468126169652443,27.085460877278294,27.085460877278294,100,1,400,0.01,20,1
2,27.468126169652443,27.379160900871064,27.379758870777824,100,1,400,0.01,20,1
3,27.468126169652443,27.943782915051134,27.9449317369278,100,1,400,0.01,20,1
4,27.468126169652443,27.885597995946434,27.88665977437249,100,1,400,0.01,20,1
5,27.468126169652443,27.809417517989427,27.81105454044053,100,1,400,0.01,20,1
6,27.468126169652443,27.793495406597845,27.795211598031468,100,1,400,0.01,20,1
7,27.468126169652443,27.433106067263495,27.44742802545079,100,1,400,0.01,20,1
8,27.468126169652443,27.4713094443432,27.4817650104654,100,1,400,0.01,20,1
9,27.468126169652443,27.212842136279253,27.24080276965904,100,1,400,0.01,20,1
10,27.468126169652443,27.051707764420975,27.091817339549046,100,1,400,0.01,20,1
11,27.468126169652443,27.149974114383024,27.17444251462859,100,1,400,0.01,20,1
12,27.468126169652443,27.168116231138647,27.187690400384472,100,1,400,0.01,20,1
13,27.468126169652443,27.27517936876501,27.27518118622653,100,1,400,0.01,20,1
14,27.468126169652443,27.187313462062555,27.204134608506234,100,1,400,0.01,20,1
15,27.468126169652443,26.994959665156138,27.05206964733814,100,1,400,0.01,20,1
16,27.468126169652443,27.211549281671097,27.211778291897605,100,1,400,0.01,20,1
17,27.468126169652443,27.16278071479504,27.17558278032796,100,1,400,0.01,20,1
18,27.468126169652443,27.191749463249007,27.194882005376513,100,1,400,0.01,20,1
19,27.468126169652443,27.267758701468104,27.246111530849458,100,1,400,0.01,20,1
20,27.468126169652443,27.382667526907277,27.323507941818296,100,1,400,0.01,20,1
21,27.468126169652443,27.379960062276677,27.325485390602573,100,1,400,0.01,20,1
22,27.468126169652443,27.43347618719182,27.362663800928726,100,1,400,0.01,20,1
23,27.468126169652443,27.445449881985095,27.373976295196496,100,1,400,0.01,20,1
24,27.468126169652443,27.67812673058972,27.51391300937398,100,1,400,0.01,20,1
25,27.468126169652443,27.594519625182972,27.475636756668397,100,1,400,0.01,20,1
26,27.468126169652443,27.779831718990078,27.583761020101594,100,1,400,0.01,20,1
27,27.468126169652443,27.72477510852089,27.56447693039315,100,1,400,0.01,20,1
28,27.468126169652443,27.55280852563453,27.483604198466278,100,1,400,0.01,20,1
29,27.468126169652443,27.46433307484744,27.44241038594119,100,1,400,0.01,20,1
30,27.468126169652443,27.36454292956673,27.394931399969792,100,1,400,0.01,20,1
31,27.468126169652443,27.43442506350171,27.426605582497476,100,1,400,0.01,20,1
32,27.468126169652443,27.361185719247057,27.39296600659371,100,1,400,0.01,20,1
33,27.468126169652443,27.405281607967126,27.41143310601171,100,1,400,0.01,20,1
34,27.468126169652443,27.539669633895592,27.469434433720707,100,1,400,0.01,20,1
35,27.468126169652443,27.5425107060649,27.473744976602802,100,1,400,0.01,20,1
36,27.468126169652443,27.405521853015617,27.41992756501533,100,1,400,0.01,20,1
37,27.468126169652443,27.31243058148844,27.38202010516983,100,1,400,0.01,20,1
38,27.468126169652443,27.294168766683807,27.372095933240235,100,1,400,0.01,20,1
39,27.468126169652443,27.3066908790047,27.37415792345211,100,1,400,0.01,20,1
40,27.468126169652443,27.451809883618314,27.42583551668983,100,1,400,0.01,20,1
41,27.468126169652443,27.512223784828542,27.44854408146047,100,1,400,0.01,20,1
42,27.468126169652443,27.448422713293613,27.428134830206346,100,1,400,0.01,20,1
43,27.468126169652443,27.24352973258768,27.35782444725774,100,1,400,0.01,20,1
44,27.468126169652443,27.12817538813787,27.31508135634888,100,1,400,0.01,20,1
45,27.468126169652443,27.112575958431893,27.304035519682767,100,1,400,0.01,20,1
46,27.468126169652443,27.107815713847287,27.2965263204421,100,1,400,0.01,20,1
47,27.468126169652443,26.93555486473742,27.236322873220217,100,1,400,0.01,20,1
48,27.468126169652443,26.883408702192963,27.211104808643196,100,1,400,0.01,20,1
49,27.468126169652443,26.751823955351362,27.161498977811572,100,1,400,0.01,20,1
50,27.468126169652443,26.797168484963215,27.162819406930723,100,1,400,0.01,20,1
51,27.468126169652443,26.952484171601963,27.19841011263035,100,1,400,0.01,20,1
52,27.468126169652443,26.84112166314342,27.160007007423854,100,1,400,0.01,20,1
53,27.468126169652443,27.043406775136066,27.207840410346876,100,1,400,0.01,20,1
54,27.468126169652443,26.894795462245376,27.162722514429436,100,1,400,0.01,20,1
55,27.468126169652443,26.990563568385983,27.181657971885958,100,1,400,0.01,20,1
56,27.468126169652443,26.92697819858907,27.159767338736675,100,1,400,0.01,20,1
57,27.468126169652443,26.864688810801518,27.137794702743825,100,1,400,0.01,20,1
58,27.468126169652443,26.71796640816337,27.09359617583175,100,1,400,0.01,20,1
59,27.468126169652443,26.528419008564086,27.037577357395293,100,1,400,0.01,20,1
60,27.468126169652443,26.582024836828598,27.03885601015599,100,1,400,0.01,20,1
61,27.468126169652443,26.633367645272873,27.040742278418726,100,1,400,0.01,20,1
62,27.468126169652443,26.73638109954253,27.05605964461005,100,1,400,0.01,20,1
63,27.468126169652443,26.724038557072905,27.04599473062728,100,1,400,0.01,20,1
64,27.468126169652443,26.575486498957044,27.00443519108012,100,1,400,0.01,20,1
65,27.468126169652443,26.61021062763312,27.003084421256595,100,1,400,0.01,20,1
66,27.468126169652443,26.297040508993714,26.924744687138578,100,1,400,0.01,20,1
67,27.468126169652443,26.305390081228822,26.913549642546066,100,1,400,0.01,20,1
68,27.468126169652443,26.463441064656518,26.935361150477277,100,1,400,0.01,20,1
69,27.468126169652443,26.472299292944665,26.92770945311656,100,1,400,0.01,20,1
70,27.468126169652443,26.68420421604386,26.96312863029214,100,1,400,0.01,20,1
71,27.468126169652443,26.600657699640532,26.94032718341944,100,1,400,0.01,20,1
72,27.468126169652443,26.586834648185235,26.930719559148365,100,1,400,0.01,20,1
73,27.468126169652443,26.61042573193151,26.92890900335801,100,1,400,0.01,20,1
74,27.468126169652443,26.406403971575028,26.88239655900961,100,1,400,0.01,20,1
75,27.468126169652443,26.412128787053938,26.87464928395723,100,1,400,0.01,20,1
76,27.468126169652443,26.283758759832644,26.841293202116432,100,1,400,0.01,20,1
77,27.468126169652443,26.36698715274113,26.84709140093278,100,1,400,0.01,20,1
78,27.468126169652443,26.37262406332639,26.839352391902995,100,1,400,0.01,20,1
79,27.468126169652443,26.55424280933081,26.864926007854244,100,1,400,0.01,20,1
80,27.468126169652443,26.60122837864126,26.86825892457309,100,1,400,0.01,20,1
81,27.468126169652443,26.86051930357537,26.91063232309915,100,1,400,0.01,20,1
82,27.468126169652443,26.7805528563865,26.895391622004297,100,1,400,0.01,20,1
83,27.468126169652443,26.68377723538709,26.876379179413163,100,1,400,0.01,20,1
84,27.468126169652443,26.526371601980784,26.84559600352427,100,1,400,0.01,20,1
85,27.468126169652443,26.46839849256668,26.830296134961337,100,1,400,0.01,20,1
86,27.468126169652443,26.53540781204186,26.83583335691622,100,1,400,0.01,20,1
87,27.468126169652443,26.416512105162784,26.81087230281563,100,1,400,0.01,20,1
88,27.468126169652443,26.525140442057815,26.82274380312827,100,1,400,0.01,20,1
89,27.468126169652443,26.496490219657037,26.813142958552916,100,1,400,0.01,20,1
90,27.468126169652443,26.555980740114745,26.817987414287227,100,1,400,0.01,20,1
91,27.468126169652443,26.57320949312958,26.816876768450683,100,1,400,0.01,20,1
92,27.468126169652443,26.503086015695366,26.801798504457448,100,1,400,0.01,20,1
93,27.468126169652443,26.49297021257153,26.79543773556644,100,1,400,0.01,20,1
94,27.468126169652443,26.582938484859042,26.80507654598271,100,1,400,0.01,20,1
95,27.468126169652443,26.52165871370877,26.792237642224453,100,1,400,0.01,20,1
96,27.468126169652443,26.59874101515824,26.799936665499754,100,1,400,0.01,20,1
97,27.468126169652443,26.834422552188105,26.833235672825253,100,1,400,0.01,20,1
98,27.468126169652443,26.87575188716609,26.839365563287846,100,1,400,0.01,20,1
99,27.468126169652443,26.764600392551305,26.823072745740777,100,1,400,0.01,20,1
100,27.468126169652443,26.70314300951053,26.813068478706537,100,1,400,0.01,20,1
101,27.468126169652443,26.856113104205757,26.833736493306418,100,1,400,0.01,20,1
102,27.468126169652443,26.83319215938496,26.830796866876298,100,1,400,0.01,20,1
103,27.468126169652443,26.939950248073643,26.846359168603332,100,1,400,0.01,20,1
104,27.468126169652443,26.857939991096554,26.835917444430358,100,1,400,0.01,20,1
105,27.468126169652443,26.984148039107644,26.853820226418037,100,1,400,0.01,20,1
106,27.468126169652443,27.127042305766064,26.875897717414123,100,1,400,0.01,20,1
107,27.468126169652443,27.178350729351735,26.886258635949304,100,1,400,0.01,20,1
108,27.468126169652443,27.31021589513873,26.908442108656864,100,1,400,0.01,20,1
109,27.468126169652443,27.32989392883056,26.916218497537795,100,1,400,0.01,20,1
110,27.468126169652443,27.416916379310294,26.933250061090387,100,1,400,0.01,20,1
111,27.468126169652443,27.314839799910047,26.92558500221696,100,1,400,0.01,20,1
112,27.468126169652443,27.324272909100326,26.931635909429176,100,1,400,0.01,20,1
113,27.468126169652443,27.27414699033604,26.929474501879355,100,1,400,0.01,20,1
114,27.468126169652443,27.216356817034576,26.92646117147009,100,1,400,0.01,20,1
115,27.468126169652443,27.14628938783051,26.921179769906814,100,1,400,0.01,20,1
116,27.468126169652443,27.150365798887876,26.92450073169599,100,1,400,0.01,20,1
117,27.468126169652443,27.1234204484852,26.923627816735813,100,1,400,0.01,20,1
118,27.468126169652443,27.192254183403207,26.93492578463648,100,1,400,0.01,20,1
119,27.468126169652443,26.957233729714833,26.907786810597084,100,1,400,0.01,20,1
120,27.468126169652443,26.965579065197435,26.909580290971288,100,1,400,0.01,20,1
121,27.468126169652443,26.91681212500134,26.90410955396199,100,1,400,0.01,20,1
122,27.468126169652443,26.98138153259908,26.912420744246788,100,1,400,0.01,20,1
123,27.468126169652443,26.86412738561738,26.898692788024796,100,1,400,0.01,20,1
124,27.468126169652443,26.993993732874895,26.914312986621812,100,1,400,0.01,20,1
125,27.468126169652443,27.049983330844828,26.92205302942674,100,1,400,0.01,20,1
126,27.468126169652443,27.121731825921223,26.932260993870766,100,1,400,0.01,20,1
127,27.468126169652443,27.0675805283035,26.92784461679024,100,1,400,0.01,20,1
128,27.468126169652443,26.952255264152225,26.91575594842692,100,1,400,0.01,20,1
129,27.468126169652443,26.85179373790272,26.904198904551038,100,1,400,0.01,20,1
130,27.468126169652443,27.144997397459907,26.938239596857645,100,1,400,0.01,20,1
131,27.468126169652443,27.11093721701631,26.93656631235314,100,1,400,0.01,20,1
132,27.468126169652443,27.077985357534974,26.934597774606907,100,1,400,0.01,20,1
133,27.468126169652443,27.067913071609976,26.934990108117418,100,1,400,0.01,20,1
134,27.468126169652443,27.037048226603677,26.932727865892417,100,1,400,0.01,20,1
135,27.468126169652443,27.085216743388255,26.939235576225233,100,1,400,0.01,20,1
136,27.468126169652443,27.180302211965877,26.95175897501145,100,1,400,0.01,20,1
137,27.468126169652443,27.086641279758783,26.943641942678294,100,1,400,0.01,20,1
138,27.468126169652443,27.101355892610055,26.9468547345535,100,1,400,0.01,20,1
139,27.468126169652443,27.340957280548828,26.975375155188182,100,1,400,0.01,20,1
140,27.468126169652443,27.316685542085345,26.976546155578678,100,1,400,0.01,20,1
141,27.468126169652443,27.416126001408674,26.991113252573463,100,1,400,0.01,20,1
142,27.468126169652443,27.26419263109632,26.978828856612456,100,1,400,0.01,20,1
143,27.468126169652443,27.157575639493487,26.97014607902993,100,1,400,0.01,20,1
144,27.468126169652443,27.17521125562133,26.97402695628487,100,1,400,0.01,20,1
145,27.468126169652443,27.21691009614414,26.980606100307245,100,1,400,0.01,20,1
146,27.468126169652443,27.315711916148953,26.993642444854544,100,1,400,0.01,20,1
147,27.468126169652443,27.246909714934876,26.989527805009452,100,1,400,0.01,20,1
148,27.468126169652443,27.241228850758418,26.991517241431197,100,1,400,0.01,20,1
149,27.468126169652443,27.210505588915616,26.99081236412568,100,1,400,0.01,20,1
150,27.468126169652443,27.256076371025177,26.997814351288664,100,1,400,0.01,20,1
151,27.468126169652443,27.246167891599217,26.999352787379642,100,1,400,0.01,20,1
152,27.468126169652443,27.2572636528598,27.0029605878123,100,1,400,0.01,20,1
153,27.468126169652443,27.323944991022554,27.01238677428603,100,1,400,0.01,20,1
154,27.468126169652443,27.31543569575142,27.0145664807527,100,1,400,0.01,20,1
155,27.468126169652443,27.42253335139008,27.028507737468047,100,1,400,0.01,20,1
156,27.468126169652443,27.27551031478159,27.01726973184234,100,1,400,0.01,20,1
157,27.468126169652443,27.38309522848643,27.030665771596667,100,1,400,0.01,20,1
158,27.468126169652443,27.238403909939997,27.019434145731953,100,1,400,0.01,20,1
159,27.468126169652443,27.16034916580833,27.01368756209582,100,1,400,0.01,20,1
160,27.468126169652443,27.09790878367903,27.008848383156298,100,1,400,0.01,20,1
161,27.468126169652443,27.28081145937201,27.027949263977824,100,1,400,0.01,20,1
162,27.468126169652443,27.302462649759548,27.032465571356397,100,1,400,0.01,20,1
163,27.468126169652443,27.299810994026167,27.03476802000971,100,1,400,0.01,20,1
164,27.468126169652443,27.462842950142132,27.053302727865308,100,1,400,0.01,20,1
165,27.468126169652443,27.354721671377835,27.046522017475056,100,1,400,0.01,20,1
166,27.468126169652443,27.324344076040706,27.046339090209344,100,1,400,0.01,20,1
167,27.468126169652443,27.18748732789445,27.035603990566088,100,1,400,0.01,20,1
168,27.468126169652443,27.361709722631748,27.053868640836328,100,1,400,0.01,20,1
169,27.468126169652443,27.42638877571847,27.06297023227487,100,1,400,0.01,20,1
170,27.468126169652443,27.385232431124972,27.06229181326448,100,1,400,0.01,20,1
171,27.468126169652443,27.36010390361517,27.062787911827275,100,1,400,0.01,20,1
172,27.468126169652443,27.393003660208343,27.068676653076185,100,1,400,0.01,20,1
173,27.468126169652443,27.658315595835294,27.09671094505571,100,1,400,0.01,20,1
174,27.468126169652443,27.727623756651923,27.108201347946157,100,1,400,0.01,20,1
175,27.468126169652443,27.41233678065386,27.084045413941364,100,1,400,0.01,20,1
176,27.468126169652443,27.473542305980505,27.09275543773212,100,1,400,0.01,20,1
177,27.468126169652443,27.49532091916562,27.098161041085696,100,1,400,0.01,20,1
178,27.468126169652443,27.452737915521237,27.097713960398973,100,1,400,0.01,20,1
179,27.468126169652443,27.46000457392148,27.101548903662508,100,1,400,0.01,20,1
180,27.468126169652443,27.48563146573845,27.107062371496074,100,1,400,0.01,20,1
181,27.468126169652443,27.47007575315113,27.10893294184112,100,1,400,0.01,20,1
182,27.468126169652443,27.235489629633832,27.090644052446248,100,1,400,0.01,20,1
183,27.468126169652443,27.33405503370848,27.100860498139436,100,1,400,0.01,20,1
184,27.468126169652443,27.416549077782808,27.110344786538075,100,1,400,0.01,20,1
185,27.468126169652443,27.347069252767085,27.10664460816075,100,1,400,0.01,20,1
186,27.468126169652443,27.33980577096777,27.10792349085674,100,1,400,0.01,20,1
187,27.468126169652443,27.298825931321023,27.106290183912076,100,1,400,0.01,20,1
188,27.468126169652443,27.182014733071476,27.097479335652533,100,1,400,0.01,20,1
189,27.468126169652443,27.10003939164628,27.090966374741615,100,1,400,0.01,20,1
190,27.468126169652443,27.09493030017296,27.09060911569926,100,1,400,0.01,20,1
191,27.468126169652443,27.007229785250857,27.082902483626196,100,1,400,0.01,20,1
192,27.468126169652443,26.956928615772743,27.077804755890952,100,1,400,0.01,20,1
193,27.468126169652443,27.167658900110677,27.095215263718195,100,1,400,0.01,20,1
194,27.468126169652443,27.119997084342423,27.09172630879048,100,1,400,0.01,20,1
195,27.468126169652443,26.959222196260896,27.077966518149516,100,1,400,0.01,20,1
196,27.468126169652443,26.90116127976836,27.071912093153987,100,1,400,0.01,20,1
197,27.468126169652443,26.996553886186984,27.078766886820045,100,1,400,0.01,20,1
198,27.468126169652443,26.839362298328137,27.064536312923767,100,1,400,0.01,20,1
199,27.468126169652443,26.850425300701254,27.06362332254412,100,1,400,0.01,20,1
200,27.468126169652443,26.77424175820853,27.055367302569298,100,1,400,0.01,20,1
201,27.468126169652443,26.85098222276333,27.059639448273092,100,1,400,0.01,20,1
202,27.468126169652443,26.937313710402268,27.065284716383687,100,1,400,0.01,20,1
203,27.468126169652443,26.94280633127262,27.064727319864986,100,1,400,0.01,20,1
204,27.468126169652443,26.966683848297357,27.065733753459273,100,1,400,0.01,20,1
205,27.468126169652443,26.958986458850855,27.06431614055872,100,1,400,0.01,20,1
206,27.468126169652443,27.133286974268337,27.078097010559755,100,1,400,0.01,20,1
207,27.468126169652443,27.309814682133663,27.09332126329299,100,1,400,0.01,20,1
208,27.468126169652443,27.245704231844876,27.08971723975619,100,1,400,0.01,20,1
209,27.468126169652443,27.17871380441678,27.085353568625866,100,1,400,0.01,20,1
210,27.468126169652443,27.203201082417333,27.088122086894057,100,1,400,0.01,20,1
211,27.468126169652443,27.039584516925775,27.07549334354381,100,1,400,0.01,20,1
212,27.468126169652443,27.042044199758212,27.075428923200906,100,1,400,0.01,20,1
213,27.468126169652443,27.16586692026035,27.08531476942799,100,1,400,0.01,20,1
214,27.468126169652443,27.389275256429972,27.104234081823023,100,1,400,0.01,20,1
215,27.468126169652443,27.432647430700367,27.110021927715763,100,1,400,0.01,20,1
216,27.468126169652443,27.408885363604696,27.11058620179797,100,1,400,0.01,20,1
217,27.468126169652443,27.411147372036744,27.113091549482533,100,1,400,0.01,20,1
218,27.468126169652443,27.421782394676672,27.116229254848697,100,1,400,0.01,20,1
219,27.468126169652443,27.410159544122923,27.11753325972413,100,1,400,0.01,20,1
220,27.468126169652443,27.34401507722076,27.11451253126367,100,1,400,0.01,20,1
221,27.468126169652443,27.31727660465979,27.114124970557874,100,1,400,0.01,20,1
222,27.468126169652443,27.193190079865346,27.105758979240345,100,1,400,0.01,20,1
223,27.468126169652443,27.168339810604913,27.104443286047903,100,1,400,0.01,20,1
224,27.468126169652443,27.05819617342595,27.096149898362974,100,1,400,0.01,20,1
225,27.468126169652443,26.966632741604688,27.08858750846216,100,1,400,0.01,20,1
226,27.468126169652443,27.04234642592331,27.093665465872895,100,1,400,0.01,20,1
227,27.468126169652443,27.071951120628615,27.09562238669507,100,1,400,0.01,20,1
228,27.468126169652443,27.05729304728401,27.094275013475578,100,1,400,0.01,20,1
229,27.468126169652443,27.099636411400088,27.097341212642963,100,1,400,0.01,20,1
230,27.468126169652443,26.97085692459582,27.087254761936013,100,1,400,0.01,20,1
231,27.468126169652443,26.98986365979985,27.087878563762455,100,1,400,0.01,20,1
232,27.468126169652443,26.979470532191957,27.086318959892,100,1,400,0.01,20,1
233,27.468126169652443,26.966206240650056,27.084482998690785,100,1,400,0.01,20,1
234,27.468126169652443,26.721830789223834,27.064652532028468,100,1,400,0.01,20,1
235,27.468126169652443,26.708052829162998,27.061090767347988,100,1,400,0.01,20,1
236,27.468126169652443,26.694225870964633,27.057432636856127,100,1,400,0.01,20,1
237,27.468126169652443,26.83083200615769,27.065262076744357,100,1,400,0.01,20,1
238,27.468126169652443,26.553921154867943,27.042302022028682,100,1,400,0.01,20,1
239,27.468126169652443,26.762587817082693,27.054730751563444,100,1,400,0.01,20,1
240,27.468126169652443,26.989287539152674,27.069819909460644,100,1,400,0.01,20,1
241,27.468126169652443,26.899359938017994,27.06230362407303,100,1,400,0.01,20,1
242,27.468126169652443,26.843304218166644,27.05681350667661,100,1,400,0.01,20,1
243,27.468126169652443,26.798830032958026,27.051844119903375,100,1,400,0.01,20,1
244,27.468126169652443,26.87838243324226,27.05591006582143,100,1,400,0.01,20,1
245,27.468126169652443,26.800547661503188,27.04880785245635,100,1,400,0.01,20,1
246,27.468126169652443,26.85833159049872,27.051425533302638,100,1,400,0.01,20,1
247,27.468126169652443,26.9405539014646,27.056201447503277,100,1,400,0.01,20,1
248,27.468126169652443,27.0107288596296,27.060661171672166,100,1,400,0.01,20,1
249,27.468126169652443,27.139934355763042,27.07007800806793,100,1,400,0.01,20,1
250,27.468126169652443,26.961099830131566,27.05709707589021,100,1,400,0.01,20,1
251,27.468126169652443,26.796706359511862,27.044123870590784,100,1,400,0.01,20,1
252,27.468126169652443,26.635954764024508,27.03027762898428,100,1,400,0.01,20,1
253,27.468126169652443,26.42777378402397,27.01214592182093,100,1,400,0.01,20,1
254,27.468126169652443,26.649946081949135,27.024469212415283,100,1,400,0.01,20,1
255,27.468126169652443,26.63611311500872,27.0209255301177,100,1,400,0.01,20,1
256,27.468126169652443,26.719736907869656,27.024423063748728,100,1,400,0.01,20,1
257,27.468126169652443,26.920421272492682,27.037034173339993,100,1,400,0.01,20,1
258,27.468126169652443,26.852819211412122,27.031283204955823,100,1,400,0.01,20,1
259,27.468126169652443,26.76884896708758,27.023835714477983,100,1,400,0.01,20,1
260,27.468126169652443,26.814784082393576,27.02548062777603,100,1,400,0.01,20,1
261,27.468126169652443,27.02642422001025,27.039426580479244,100,1,400,0.01,20,1
262,27.468126169652443,27.123805259626668,27.046402607628266,100,1,400,0.01,20,1
263,27.468126169652443,27.265870235651935,27.05722913232906,100,1,400,0.01,20,1
264,27.468126169652443,26.91084353512921,27.032980391018075,100,1,400,0.01,20,1
265,27.468126169652443,26.95604439182059,27.03540542703079,100,1,400,0.01,20,1
266,27.468126169652443,26.8925135900495,27.0302599449423,100,1,400,0.01,20,1
267,27.468126169652443,26.787625831435328,27.02177998119516,100,1,400,0.01,20,1
268,27.468126169652443,26.882328833973734,27.02690153899813,100,1,400,0.01,20,1
269,27.468126169652443,26.987678485278597,27.03337936929942,100,1,400,0.01,20,1
270,27.468126169652443,27.24506964244811,27.05139103673186,100,1,400,0.01,20,1
271,27.468126169652443,27.106222925696176,27.042887455005612,100,1,400,0.01,20,1
272,27.468126169652443,26.990179996009314,27.035047178029068,100,1,400,0.01,20,1
273,27.468126169652443,26.966122915463142,27.03303194174231,100,1,400,0.01,20,1
274,27.468126169652443,26.951927251866735,27.0315106641752,100,1,400,0.01,20,1
275,27.468126169652443,27.03816345842769,27.037137554448115,100,1,400,0.01,20,1
276,27.468126169652443,26.95265283568993,27.031120651733847,100,1,400,0.01,20,1
277,27.468126169652443,26.945585300600346,27.03015200327945,100,1,400,0.01,20,1
278,27.468126169652443,27.04054712961087,27.03625267030033,100,1,400,0.01,20,1
279,27.468126169652443,27.262227854068453,27.05177965735085,100,1,400,0.01,20,1
280,27.468126169652443,27.1871565258299,27.047966250033102,100,1,400,0.01,20,1
281,27.468126169652443,27.182817569480665,27.048590214813597,100,1,400,0.01,20,1
282,27.468126169652443,27.046004222030586,27.039930513080282,100,1,400,0.01,20,1
283,27.468126169652443,27.103098527648758,27.043953255822228,100,1,400,0.01,20,1
284,27.468126169652443,26.9624998018393,27.034566487585657,100,1,400,0.01,20,1
285,27.468126169652443,26.92245899667405,27.03133418368049,100,1,400,0.01,20,1
286,27.468126169652443,27.012415125835613,27.036839382941107,100,1,400,0.01,20,1
287,27.468126169652443,26.896232617420466,27.028655278999768,100,1,400,0.01,20,1
288,27.468126169652443,26.91314910515621,27.02890402301239,100,1,400,0.01,20,1
289,27.468126169652443,26.906245488622893,27.027563584302644,100,1,400,0.01,20,1
290,27.468126169652443,26.797510998526416,27.01909235520523,100,1,400,0.01,20,1
291,27.468126169652443,26.813443212952293,27.01881477011165,100,1,400,0.01,20,1
292,27.468126169652443,26.892488790021922,27.022936731168695,100,1,400,0.01,20,1
293,27.468126169652443,26.776107377215506,27.01423304338342,100,1,400,0.01,20,1
294,27.468126169652443,26.90562417688236,27.0213940192419,100,1,400,0.01,20,1
295,27.468126169652443,26.8356455554424,27.015984368926684,100,1,400,0.01,20,1
296,27.468126169652443,27.1257155364379,27.034446665588884,100,1,400,0.01,20,1
297,27.468126169652443,27.169720342873145,27.03810779855502,100,1,400,0.01,20,1
298,27.468126169652443,27.273739145650545,27.04592648864112,100,1,400,0.01,20,1
299,27.468126169652443,27.126238753797935,27.037501351738623,100,1,400,0.01,20,1
300,27.468126169652443,27.00390616591225,27.02981810838127,100,1,400,0.01,20,1
301,27.468126169652443,26.88450118510433,27.02161913179594,100,1,400,0.01,20,1
302,27.468126169652443,26.885287299936234,27.020798594203352,100,1,400,0.01,20,1
303,27.468126169652443,27.075936090324873,27.03269593000497,100,1,400,0.01,20,1
304,27.468126169652443,27.166782237238134,27.03906913687522,100,1,400,0.01,20,1
305,27.468126169652443,27.330120801671107,27.05079330355134,100,1,400,0.01,20,1
306,27.468126169652443,27.384067246521116,27.056128669937202,100,1,400,0.01,20,1
307,27.468126169652443,27.473486845056602,27.064168757580116,100,1,400,0.01,20,1
308,27.468126169652443,27.547015318667732,27.071666546694637,100,1,400,0.01,20,1
309,27.468126169652443,27.478884106657013,27.070125529017584,100,1,400,0.01,20,1
310,27.468126169652443,27.36187458069346,27.064901563461156,100,1,400,0.01,20,1
311,27.468126169652443,27.383429153210578,27.06824634705451,100,1,400,0.01,20,1
312,27.468126169652443,27.434776145416986,27.07362921832839,100,1,400,0.01,20,1
313,27.468126169652443,27.34445472215839,27.069946240768378,100,1,400,0.01,20,1
314,27.468126169652443,27.529056756945565,27.08381026441744,100,1,400,0.01,20,1
315,27.468126169652443,27.602601267512842,27.09142650098001,100,1,400,0.01,20,1
316,27.468126169652443,27.589846840878728,27.093795135942862,100,1,400,0.01,20,1
317,27.468126169652443,27.51882839980759,27.092191639566273,100,1,400,0.01,20,1
318,27.468126169652443,27.432635698412057,27.089237531692163,100,1,400,0.01,20,1
319,27.468126169652443,27.682181297781955,27.10767648721729,100,1,400,0.01,20,1
320,27.468126169652443,27.61120553515076,27.106585506957543,100,1,400,0.01,20,1
321,27.468126169652443,27.632750412213895,27.11114047431827,100,1,400,0.01,20,1
322,27.468126169652443,27.70969960467039,27.11935799018869,100,1,400,0.01,20,1
323,27.468126169652443,27.946428181305826,27.138310313515866,100,1,400,0.01,20,1
324,27.468126169652443,27.905943072639637,27.14069256298234,100,1,400,0.01,20,1
325,27.468126169652443,27.659920862769813,27.12944477746221,100,1,400,0.01,20,1
326,27.468126169652443,27.74697272155853,27.13835087995707,100,1,400,0.01,20,1
327,27.468126169652443,27.647227656791806,27.13564620570649,100,1,400,0.01,20,1
328,27.468126169652443,27.631586317217185,27.13779992556368,100,1,400,0.01,20,1
329,27.468126169652443,27.806622546789246,27.152081178627007,100,1,400,0.01,20,1
330,27.468126169652443,27.495308411289315,27.136059921139598,100,1,400,0.01,20,1
331,27.468126169652443,27.740867434592943,27.154023846886798,100,1,400,0.01,20,1
332,27.468126169652443,27.539358352915126,27.144698947933062,100,1,400,0.01,20,1
333,27.468126169652443,27.36614701045105,27.13603270210595,100,1,400,0.01,20,1
334,27.468126169652443,27.244360533532287,27.12965819819987,100,1,400,0.01,20,1
335,27.468126169652443,26.98009653224708,27.11350951617568,100,1,400,0.01,20,1
336,27.468126169652443,27.049927455917867,27.117150926948163,100,1,400,0.01,20,1
337,27.468126169652443,26.859038413648896,27.104602314266163,100,1,400,0.01,20,1
338,27.468126169652443,26.8934613743066,27.105242450659457,100,1,400,0.01,20,1
339,27.468126169652443,26.7966920250738,27.097875139319722,100,1,400,0.01,20,1
340,27.468126169652443,26.58524838203121,27.082612915493513,100,1,400,0.01,20,1
341,27.468126169652443,26.519098891290533,27.075471053450457,100,1,400,0.01,20,1
342,27.468126169652443,26.53688272208631,27.073319268410764,100,1,400,0.01,20,1
343,27.468126169652443,26.62960051893529,27.075927608915602,100,1,400,0.01,20,1
344,27.468126169652443,26.67831277534803,27.07633627974693,100,1,400,0.01,20,1
345,27.468126169652443,26.721364344826547,27.076552223706667,100,1,400,0.01,20,1
346,27.468126169652443,26.488676303558133,27.059701834390925,100,1,400,0.01,20,1
347,27.468126169652443,26.505885838079053,27.057489766556397,100,1,400,0.01,20,1
348,27.468126169652443,26.5958797665809,27.0597613898341,100,1,400,0.01,20,1
349,27.468126169652443,26.61862119020349,27.058546743762747,100,1,400,0.01,20,1
350,27.468126169652443,26.688578025984125,27.06014590393288,100,1,400,0.01,20,1
351,27.468126169652443,26.75672478319251,27.06205380795092,100,1,400,0.01,20,1
352,27.468126169652443,26.46725345567672,27.042309910643024,100,1,400,0.01,20,1
353,27.468126169652443,26.516256195307633,27.041826264060546,100,1,400,0.01,20,1
354,27.468126169652443,26.77200809347531,27.054614918520425,100,1,400,0.01,20,1
355,27.468126169652443,26.69183230576974,27.048156365916032,100,1,400,0.01,20,1
356,27.468126169652443,26.728412785147416,27.048390706757175,100,1,400,0.01,20,1
357,27.468126169652443,26.837200408584735,27.053224538659794,100,1,400,0.01,20,1
358,27.468126169652443,26.920539299900252,27.057090872826972,100,1,400,0.01,20,1
359,27.468126169652443,27.01292532869166,27.061972655193124,100,1,400,0.01,20,1
360,27.468126169652443,27.070512219840264,27.06522484255715,100,1,400,0.01,20,1
361,27.468126169652443,26.814472065926154,27.04955275458892,100,1,400,0.01,20,1
362,27.468126169652443,26.788023191385296,27.0465573719195,100,1,400,0.01,20,1
363,27.468126169652443,26.62433358971028,27.034996057519486,100,1,400,0.01,20,1
364,27.468126169652443,26.63478768408984,27.03317529236688,100,1,400,0.01,20,1
365,27.468126169652443,26.52881503696254,27.024421002151936,100,1,400,0.01,20,1
366,27.468126169652443,26.59815028344827,27.02571788580665,100,1,400,0.01,20,1
367,27.468126169652443,26.541899234744903,27.01986684842218,100,1,400,0.01,20,1
368,27.468126169652443,26.500500498104866,27.014588859799396,100,1,400,0.01,20,1
369,27.468126169652443,26.558923093455615,27.01519004716518,100,1,400,0.01,20,1
370,27.468126169652443,26.583774053426307,27.014042777679784,100,1,400,0.01,20,1
371,27.468126169652443,26.792646783867813,27.024229220955423,100,1,400,0.01,20,1
372,27.468126169652443,26.835356494576683,27.02548744464243,100,1,400,0.01,20,1
373,27.468126169652443,26.84101153411652,27.024651776156823,100,1,400,0.01,20,1
374,27.468126169652443,26.915146421123683,27.027905369503248,100,1,400,0.01,20,1
375,27.468126169652443,26.871795638168976,27.02479843847626,100,1,400,0.01,20,1
376,27.468126169652443,27.044960839066142,27.03438319307493,100,1,400,0.01,20,1
377,27.468126169652443,26.959896237625067,27.02935612230553,100,1,400,0.01,20,1
378,27.468126169652443,26.86846503530412,27.023479249352476,100,1,400,0.01,20,1
379,27.468126169652443,26.6444899051192,27.00917338300623,100,1,400,0.01,20,1
380,27.468126169652443,26.501497578695307,26.99853528291991,100,1,400,0.01,20,1
381,27.468126169652443,26.50097231150602,26.995675962818353,100,1,400,0.01,20,1
382,27.468126169652443,26.705888598165636,27.005106870653787,100,1,400,0.01,20,1
383,27.468126169652443,26.760148665067845,27.00664534148426,100,1,400,0.01,20,1
384,27.468126169652443,26.75876431467493,27.00516684525206,100,1,400,0.01,20,1
385,27.468126169652443,26.757267083481118,27.003684263688974,100,1,400,0.01,20,1
386,27.468126169652443,26.774874844387554,27.003306880334577,100,1,400,0.01,20,1
387,27.468126169652443,26.89051911053634,27.008908330227026,100,1,400,0.01,20,1
388,27.468126169652443,26.93248996737965,27.010722900946853,100,1,400,0.01,20,1
389,27.468126169652443,26.975881531045797,27.01283944892278,100,1,400,0.01,20,1
390,27.468126169652443,26.932226999364477,27.010045380773015,100,1,400,0.01,20,1
391,27.468126169652443,27.029343311478254,27.01535190140601,100,1,400,0.01,20,1
392,27.468126169652443,26.855136508382422,27.005160956056187,100,1,400,0.01,20,1
393,27.468126169652443,26.89191636064393,27.006490873727213,100,1,400,0.01,20,1
394,27.468126169652443,27.078644396978234,27.01684215966387,100,1,400,0.01,20,1
395,27.468126169652443,27.087476252597273,27.017705572653746,100,1,400,0.01,20,1
396,27.468126169652443,27.06588827997858,27.016823399021856,100,1,400,0.01,20,1
397,27.468126169652443,26.917725300509513,27.008397197799738,100,1,400,0.01,20,1
398,27.468126169652443,26.809227874159383,27.001536393052856,100,1,400,0.01,20,1
399,27.468126169652443,26.715731435522546,26.99499799942766,100,1,400,0.01,20,1
400,27.468126169652443,26.655434300544925,26.989919724723475,100,1,400,0.01,20,1
401,27.468126169652443,26.601959856422404,26.984936115754437,100,1,400,0.01,20,1
402,27.468126169652443,26.600781464608062,26.982711528450636,100,1,400,0.01,20,1
403,27.468126169652443,26.554773301320974,26.977910206099136,100,1,400,0.01,20,1
404,27.468126169652443,26.561009826585288,26.975850282346663,100,1,400,0.01,20,1
405,27.468126169652443,26.83051444950194,26.9892769657458,100,1,400,0.01,20,1
406,27.468126169652443,26.915381451522276,26.993306145689047,100,1,400,0.01,20,1
407,27.468126169652443,26.925827181492473,26.9935357943029,100,1,400,0.01,20,1
408,27.468126169652443,26.983534320076615,26.996521732085174,100,1,400,0.01,20,1
409,27.468126169652443,26.79064130756775,26.985268943938017,100,1,400,0.01,20,1
410,27.468126169652443,26.675577886723026,26.977543175302607,100,1,400,0.01,20,1
411,27.468126169652443,26.617429533626108,26.97252294288064,100,1,400,0.01,20,1
412,27.468126169652443,26.511531696432204,26.964456933024387,100,1,400,0.01,20,1
413,27.468126169652443,26.504546919248757,26.96156611660054,100,1,400,0.01,20,1
414,27.468126169652443,26.608204880347426,26.965020138476646,100,1,400,0.01,20,1
415,27.468126169652443,26.530803460663638,26.958588341965182,100,1,400,0.01,20,1
416,27.468126169652443,26.66620363615788,26.96406506159965,100,1,400,0.01,20,1
417,27.468126169652443,26.819221488554582,26.971230499763436,100,1,400,0.01,20,1
418,27.468126169652443,26.657576730919928,26.961109792624317,100,1,400,0.01,20,1
419,27.468126169652443,26.757511839850185,26.965194494194737,100,1,400,0.01,20,1
420,27.468126169652443,26.895243810084214,26.971959379060586,100,1,400,0.01,20,1
421,27.468126169652443,26.922853863550902,26.973118114531314,100,1,400,0.01,20,1
422,27.468126169652443,26.79696077254724,26.96564533924398,100,1,400,0.01,20,1
423,27.468126169652443,26.915079299135076,26.97140707161618,100,1,400,0.01,20,1
424,27.468126169652443,27.110171364328846,26.982304116920023,100,1,400,0.01,20,1
425,27.468126169652443,27.242883032354086,26.99056582991224,100,1,400,0.01,20,1
426,27.468126169652443,27.360061544822212,26.99860850600317,100,1,400,0.01,20,1
427,27.468126169652443,27.560298558158255,27.011951051656517,100,1,400,0.01,20,1
428,27.468126169652443,27.43471618531803,27.007755296334516,100,1,400,0.01,20,1
429,27.468126169652443,27.596236654215073,27.019195815087357,100,1,400,0.01,20,1
430,27.468126169652443,27.601581993982833,27.022633747269257,100,1,400,0.01,20,1
431,27.468126169652443,27.47741734454506,27.018703608358642,100,1,400,0.01,20,1
432,27.468126169652443,27.410417520468503,27.01739437691828,100,1,400,0.01,20,1
433,27.468126169652443,27.41171161093022,27.01958279222959,100,1,400,0.01,20,1
434,27.468126169652443,27.30161129227,27.015461442146723,100,1,400,0.01,20,1
435,27.468126169652443,27.22929075126017,27.012803087700156,100,1,400,0.01,20,1
436,27.468126169652443,27.12024329940064,27.007883015579175,100,1,400,0.01,20,1
437,27.468126169652443,27.01829810658195,27.00278301595007,100,1,400,0.01,20,1
438,27.468126169652443,27.157163847778698,27.01069527876471,100,1,400,0.01,20,1
439,27.468126169652443,27.28781506619718,27.018808957095352,100,1,400,0.01,20,1
440,27.468126169652443,27.41491411558839,27.027358998964893,100,1,400,0.01,20,1
441,27.468126169652443,27.206182762662408,27.017749637207324,100,1,400,0.01,20,1
442,27.468126169652443,27.200800472469563,27.01845830179931,100,1,400,0.01,20,1
443,27.468126169652443,27.25919687380704,27.02270215694858,100,1,400,0.01,20,1
444,27.468126169652443,27.200505893415826,27.02067189514095,100,1,400,0.01,20,1
445,27.468126169652443,27.250205870783944,27.024373704662658,100,1,400,0.01,20,1
446,27.468126169652443,27.336440252338484,27.030293036241158,100,1,400,0.01,20,1
447,27.468126169652443,27.37766376331575,27.034301859138683,100,1,400,0.01,20,1
448,27.468126169652443,27.56593479974642,27.046609627241548,100,1,400,0.01,20,1
449,27.468126169652443,27.399968614497485,27.040132293086067,100,1,400,0.01,20,1
450,27.468126169652443,27.38702720079174,27.041319768913432,100,1,400,0.01,20,1
451,27.468126169652443,27.276102244503914,27.037002699373176,100,1,400,0.01,20,1
452,27.468126169652443,27.242002726797832,27.036359512751353,100,1,400,0.01,20,1
453,27.468126169652443,27.205945272038345,27.03545654561606,100,1,400,0.01,20,1
454,27.468126169652443,27.298849408963296,27.041505980071303,100,1,400,0.01,20,1
455,27.468126169652443,27.3154167622135,27.043780542155876,100,1,400,0.01,20,1
456,27.468126169652443,27.26763695913476,27.042570633725894,100,1,400,0.01,20,1
457,27.468126169652443,27.384268670976958,27.050194665056335,100,1,400,0.01,20,1
458,27.468126169652443,27.479371467116184,27.05722263236071,100,1,400,0.01,20,1
459,27.468126169652443,27.553039339211917,27.063504377863417,100,1,400,0.01,20,1
460,27.468126169652443,27.278396459306254,27.050880693664812,100,1,400,0.01,20,1
461,27.468126169652443,27.191077497929054,27.04729947474378,100,1,400,0.01,20,1
462,27.468126169652443,27.1398149022376,27.045229948655805,100,1,400,0.01,20,1
463,27.468126169652443,27.125007055317415,27.04486659740771,100,1,400,0.01,20,1
464,27.468126169652443,27.11652378564561,27.044860484611235,100,1,400,0.01,20,1
465,27.468126169652443,27.14135446619294,27.046598296470474,100,1,400,0.01,20,1
466,27.468126169652443,27.061822667468416,27.042725549959645,100,1,400,0.01,20,1
467,27.468126169652443,27.215830234106058,27.051278623397362,100,1,400,0.01,20,1
468,27.468126169652443,27.334374723444192,27.058634588597993,100,1,400,0.01,20,1
469,27.468126169652443,27.347845167044937,27.060804607017996,100,1,400,0.01,20,1
470,27.468126169652443,27.19110494455944,27.053700304856193,100,1,400,0.01,20,1
471,27.468126169652443,27.33325329320015,27.062119998805073,100,1,400,0.01,20,1
472,27.468126169652443,27.438779131849852,27.069323842364124,100,1,400,0.01,20,1
473,27.468126169652443,27.549030465591404,27.077293794246867,100,1,400,0.01,20,1
474,27.468126169652443,27.42868822990369,27.073177487674513,100,1,400,0.01,20,1
475,27.468126169652443,27.263567146429477,27.066038014872234,100,1,400,0.01,20,1
476,27.468126169652443,27.217349603291318,27.064534312146737,100,1,400,0.01,20,1
477,27.468126169652443,26.90016547991941,27.048043001239282,100,1,400,0.01,20,1
478,27.468126169652443,26.929727724571183,27.048895289873403,100,1,400,0.01,20,1
479,27.468126169652443,27.21652645100963,27.06386279790986,100,1,400,0.01,20,1
480,27.468126169652443,27.093175268302076,27.057944184496968,100,1,400,0.01,20,1
481,27.468126169652443,27.1231511566641,27.05976469931359,100,1,400,0.01,20,1
482,27.468126169652443,27.213484224012237,27.064963032831326,100,1,400,0.01,20,1
483,27.468126169652443,26.990733253979357,27.05370314702308,100,1,400,0.01,20,1
484,27.468126169652443,26.937195958475623,27.05048128528606,100,1,400,0.01,20,1
485,27.468126169652443,26.98425068245766,27.05242078334013,100,1,400,0.01,20,1
486,27.468126169652443,26.859837907182598,27.045379529029525,100,1,400,0.01,20,1
487,27.468126169652443,26.97796035901675,27.05079593805446,100,1,400,0.01,20,1
488,27.468126169652443,26.96337297996457,27.04964104569883,100,1,400,0.01,20,1
489,27.468126169652443,26.965789030315282,27.049330072601705,100,1,400,0.01,20,1
490,27.468126169652443,26.95133154139563,27.048127861769377,100,1,400,0.01,20,1
491,27.468126169652443,26.982054399893727,27.049284271551688,100,1,400,0.01,20,1
492,27.468126169652443,27.010419299115163,27.050464625715367,100,1,400,0.01,20,1
493,27.468126169652443,27.14305843027998,27.05736322175405,100,1,400,0.01,20,1
494,27.468126169652443,27.352835586850773,27.069048091526696,100,1,400,0.01,20,1
495,27.468126169652443,27.29559831769903,27.067414440023832,100,1,400,0.01,20,1
496,27.468126169652443,27.190236206850646,27.06295927331351,100,1,400,0.01,20,1
497,27.468126169652443,27.25394222963504,27.06700220303904,100,1,400,0.01,20,1
498,27.468126169652443,27.235571778477848,27.06688950533278,100,1,400,0.01,20,1
499,27.468126169652443,27.221779746220772,27.067069998638406,100,1,400,0.01,20,1
500,27.468126169652443,27.052519247368465,27.05885146276502,100,1,400,0.01,20,1
501,27.468126169652443,27.097601813746174,27.06120969646296,100,1,400,0.01,20,1
502,27.468126169652443,27.04930205643883,27.058835868530334,100,1,400,0.01,20,1
503,27.468126169652443,26.927584515015226,27.05231429807736,100,1,400,0.01,20,1
504,27.468126169652443,26.90192913540601,27.050287697980245,100,1,400,0.01,20,1
505,27.468126169652443,26.92189222240283,27.050455396736023,100,1,400,0.01,20,1
506,27.468126169652443,26.913928727789898,27.04942019189281,100,1,400,0.01,20,1
507,27.468126169652443,26.98944511162448,27.05277968202515,100,1,400,0.01,20,1
508,27.468126169652443,27.022230206723385,27.054178392135842,100,1,400,0.01,20,1
509,27.468126169652443,26.999944294131677,27.052896837422892,100,1,400,0.01,20,1
510,27.468126169652443,27.03619772259042,27.054548128244832,100,1,400,0.01,20,1
511,27.468126169652443,27.003450516214837,27.05272843191948,100,1,400,0.01,20,1
512,27.468126169652443,27.1380599626273,27.059604313516594,100,1,400,0.01,20,1
513,27.468126169652443,26.949599377547532,27.050037592376537,100,1,400,0.01,20,1
514,27.468126169652443,27.118454764480138,27.05844571956665,100,1,400,0.01,20,1
515,27.468126169652443,27.104813780055874,27.058036196244487,100,1,400,0.01,20,1
516,27.468126169652443,27.356906116606087,27.07154202534215,100,1,400,0.01,20,1
517,27.468126169652443,27.30635625830924,27.07027410286257,100,1,400,0.01,20,1
518,27.468126169652443,27.22896976519479,27.067372902561534,100,1,400,0.01,20,1
519,27.468126169652443,27.155639782921227,27.064348619718047,100,1,400,0.01,20,1
520,27.468126169652443,27.2753247282035,27.071097143790272,100,1,400,0.01,20,1
521,27.468126169652443,27.300601065333954,27.07343590966569,100,1,400,0.01,20,1
522,27.468126169652443,27.324660680392142,27.075825149845123,100,1,400,0.01,20,1
523,27.468126169652443,27.304695717119323,27.076008257340057,100,1,400,0.01,20,1
524,27.468126169652443,27.261801146004387,27.074919753129507,100,1,400,0.01,20,1
525,27.468126169652443,27.34712642777668,27.080283304481824,100,1,400,0.01,20,1
526,27.468126169652443,27.382773682622034,27.08348937205963,100,1,400,0.01,20,1
527,27.468126169652443,27.224089535656233,27.07670488207588,100,1,400,0.01,20,1
528,27.468126169652443,27.48264751908304,27.09094078338169,100,1,400,0.01,20,1
529,27.468126169652443,27.35781251403643,27.086373582908003,100,1,400,0.01,20,1
530,27.468126169652443,27.272218911962465,27.08325205023977,100,1,400,0.01,20,1
531,27.468126169652443,27.318098439607155,27.086552206564694,100,1,400,0.01,20,1
532,27.468126169652443,27.289163841199244,27.086154231520535,100,1,400,0.01,20,1
533,27.468126169652443,27.15500200115204,27.08017889415814,100,1,400,0.01,20,1
534,27.468126169652443,27.220749715339775,27.08398022228907,100,1,400,0.01,20,1
535,27.468126169652443,26.97724897277095,27.072042924529963,100,1,400,0.01,20,1
536,27.468126169652443,26.98530210697885,27.071976670350175,100,1,400,0.01,20,1
537,27.468126169652443,27.074389942167137,27.076023658230365,100,1,400,0.01,20,1
538,27.468126169652443,27.146815718464552,27.07965936108709,100,1,400,0.01,20,1
539,27.468126169652443,27.00959528535206,27.07275314573831,100,1,400,0.01,20,1
540,27.468126169652443,26.8277007604902,27.06309799169313,100,1,400,0.01,20,1
541,27.468126169652443,26.910330696462104,27.06615602505495,100,1,400,0.01,20,1
542,27.468126169652443,27.11283638073193,27.075783553466646,100,1,400,0.01,20,1
543,27.468126169652443,27.184608947067115,27.079641799428,100,1,400,0.01,20,1
544,27.468126169652443,27.091086220876424,27.07534677438288,100,1,400,0.01,20,1
545,27.468126169652443,27.092877034398086,27.07543195082858,100,1,400,0.01,20,1
546,27.468126169652443,27.077477782554574,27.07449513279056,100,1,400,0.01,20,1
547,27.468126169652443,26.90687654887289,27.065686404758765,100,1,400,0.01,20,1
548,27.468126169652443,26.72992086587105,27.05590252409192,100,1,400,0.01,20,1
549,27.468126169652443,26.944876887422733,27.06532796792151,100,1,400,0.01,20,1
550,27.468126169652443,26.962396168907617,27.065574341959348,100,1,400,0.01,20,1
551,27.468126169652443,26.921916268853252,27.063088647303935,100,1,400,0.01,20,1
552,27.468126169652443,26.856552309230505,27.058916267411142,100,1,400,0.01,20,1
553,27.468126169652443,26.908489994418293,27.060238860280236,100,1,400,0.01,20,1
554,27.468126169652443,26.80512102874476,27.054346923022553,100,1,400,0.01,20,1
555,27.468126169652443,26.744043614530014,27.049744236397682,100,1,400,0.01,20,1
556,27.468126169652443,26.743613685867427,27.047614994436273,100,1,400,0.01,20,1
557,27.468126169652443,26.784224990948545,27.04835158285299,100,1,400,0.01,20,1
558,27.468126169652443,27.0476103889736,27.060623958223662,100,1,400,0.01,20,1
559,27.468126169652443,26.818469720778296,27.04920263732061,100,1,400,0.01,20,1
560,27.468126169652443,26.976169886813754,27.056291055645755,100,1,400,0.01,20,1
561,27.468126169652443,27.155292123283076,27.064978083489216,100,1,400,0.01,20,1
562,27.468126169652443,27.077057779908678,27.061351132829007,100,1,400,0.01,20,1
563,27.468126169652443,27.25370140999891,27.07032981811478,100,1,400,0.01,20,1
564,27.468126169652443,27.19989245030969,27.06830683070885,100,1,400,0.01,20,1
565,27.468126169652443,27.08287920637606,27.062918742181672,100,1,400,0.01,20,1
566,27.468126169652443,27.059238880676258,27.062048391321657,100,1,400,0.01,20,1
567,27.468126169652443,27.133218558357907,27.065726994142313,100,1,400,0.01,20,1
568,27.468126169652443,26.987718435457857,27.058540382816904,100,1,400,0.01,20,1
569,27.468126169652443,27.138124188164642,27.065867074442796,100,1,400,0.01,20,1
570,27.468126169652443,27.153442829520735,27.067066139598285,100,1,400,0.01,20,1
571,27.468126169652443,27.19079960825592,27.06938875981377,100,1,400,0.01,20,1
572,27.468126169652443,26.96096968410183,27.058457730786795,100,1,400,0.01,20,1
573,27.468126169652443,26.901026744307615,27.05501079763569,100,1,400,0.01,20,1
574,27.468126169652443,27.07254546620784,27.062901977398212,100,1,400,0.01,20,1
575,27.468126169652443,27.25890191154372,27.07230675337956,100,1,400,0.01,20,1
576,27.468126169652443,27.187788063834578,27.069608876571433,100,1,400,0.01,20,1
577,27.468126169652443,27.01816325939344,27.061663809463223,100,1,400,0.01,20,1
578,27.468126169652443,26.862577071584447,27.05365900066829,100,1,400,0.01,20,1
579,27.468126169652443,27.073705649635347,27.06324262466478,100,1,400,0.01,20,1
580,27.468126169652443,27.144104074416866,27.066852454826194,100,1,400,0.01,20,1
581,27.468126169652443,27.18656730092015,27.069301205682006,100,1,400,0.01,20,1
582,27.468126169652443,27.108914788844,27.0660472342524,100,1,400,0.01,20,1
583,27.468126169652443,27.096229451748798,27.065619072887355,100,1,400,0.01,20,1
584,27.468126169652443,26.82168892240526,27.052100575440985,100,1,400,0.01,20,1
585,27.468126169652443,27.094205632895008,27.06455848583999,100,1,400,0.01,20,1
586,27.468126169652443,26.883177639998284,27.054201687815542,100,1,400,0.01,20,1
587,27.468126169652443,27.082359339420876,27.063291183958682,100,1,400,0.01,20,1
588,27.468126169652443,26.96482910716227,27.057525472713206,100,1,400,0.01,20,1
589,27.468126169652443,27.100578553999508,27.063797941127955,100,1,400,0.01,20,1
590,27.468126169652443,27.05598552020144,27.061759369679972,100,1,400,0.01,20,1
591,27.468126169652443,27.179426347854047,27.067717484907057,100,1,400,0.01,20,1
592,27.468126169652443,27.258937545000137,27.07222852737283,100,1,400,0.01,20,1
593,27.468126169652443,27.128607296226527,27.06668711311682,100,1,400,0.01,20,1
594,27.468126169652443,27.105589134780782,27.06581350486385,100,1,400,0.01,20,1
595,27.468126169652443,26.986687204481537,27.060201732862943,100,1,400,0.01,20,1
596,27.468126169652443,27.117652595149092,27.06630135236078,100,1,400,0.01,20,1
597,27.468126169652443,27.223463524528782,27.07174875062295,100,1,400,0.01,20,1
598,27.468126169652443,27.343017236695413,27.07832371069806,100,1,400,0.01,20,1
599,27.468126169652443,27.369959760893423,27.080860638373725,100,1,400,0.01,20,1
600,27.468126169652443,27.434251343731106,27.08535829934742,100,1,400,0.01,20,1