Scenario,Time,Nodes,TxPerNodePerMin,ALE,ConvergenceMs
many_moving,0,5,0,16.792560521376117,
many_moving,1,5,132,16.707829167714706,
many_moving,2,5,138,16.54248316802995,
many_moving,3,5,140,16.380621836243332,
many_moving,4,5,141,16.267173138264074,
many_moving,5,5,139.20000000000002,16.186385421994338,
many_moving,6,5,128,16.164137580622906,
many_moving,7,5,116.57142857142857,16.146558991420765,
many_moving,8,5,102,16.16134588745343,
many_moving,9,5,90.66666666666667,16.19470722435124,
many_moving,10,5,81.60000000000001,16.239032303499723,
many_moving,11,5,74.18181818181819,16.288856895551397,
many_moving,12,5,68,16.340442837186387,
many_moving,13,5,62.76923076923077,16.391347995222606,
many_moving,14,5,58.285714285714285,16.440060946782637,
many_moving,15,5,54.4,16.48571671295518,
many_moving,16,5,51,16.527886568629008,
many_moving,17,5,48,16.566427762419554,
many_moving,18,5,45.333333333333336,16.60137868971348,
many_moving,19,5,42.94736842105263,16.632887248343728,
many_moving,20,5,42.6,16.661162808791953,
many_moving,21,5,41.142857142857146,16.68644468139991,
many_moving,22,5,39.81818181818182,16.714685481842473,
many_moving,23,5,38.086956521739125,16.738370199139034,
many_moving,24,5,36.5,16.75865467012234,
many_moving,25,5,35.04,16.77608336279397,
many_moving,26,5,33.69230769230769,16.790946755651735,
many_moving,27,5,32.44444444444444,16.803438330496466,
many_moving,28,5,31.285714285714285,16.813721477353145,
many_moving,29,5,30.206896551724135,16.821957411042952,
many_moving,30,5,29.2,16.8283163144187,
many_moving,31,5,30.58064516129032,16.832980814830623,
many_moving,32,5,29.625,16.836145316926995,
many_moving,33,5,28.727272727272727,16.838012594651847,
many_moving,34,5,27.88235294117647,16.838788456831264,34000
many_moving,35,5,28.11428571428571,16.838675299545958,34000
many_moving,36,5,28.666666666666668,16.837865464532385,34000
many_moving,37,5,28.216216216216214,16.866082044122557,34000
many_moving,38,5,27.473684210526315,16.88292676844961,34000
many_moving,39,5,26.769230769230766,16.892507479835874,34000
many_moving,40,5,26.099999999999998,16.897824295590585,34000
many_moving,41,5,26.341463414634145,16.9007096332359,34000
many_moving,42,5,25.714285714285715,16.902215783856843,34000
many_moving,43,5,25.11627906976744,16.902939270701864,34000
many_moving,44,5,24.545454545454547,16.90321972938766,34000
many_moving,45,5,24,16.903252116567206,34000
many_moving,46,5,24.26086956521739,16.90314909124651,34000
many_moving,47,5,23.744680851063833,16.90297596845052,34000
many_moving,48,5,23.25,16.902770567297168,34000
many_moving,49,5,22.775510204081634,16.90255462487945,34000
many_moving,50,5,23.04,16.90234042792515,34000
many_moving,51,5,23.529411764705884,16.902134696793368,34000
many_moving,52,5,23.307692307692307,16.901042263090297,34000
many_moving,53,5,22.867924528301888,16.900578492804772,34000
many_moving,54,5,22.444444444444443,16.900489550078966,34000
many_moving,55,5,22.036363636363635,16.90059819530042,34000
many_moving,56,5,22.285714285714285,16.900792458633894,34000
many_moving,57,5,21.894736842105264,16.90100669033913,34000
many_moving,58,5,22.137931034482758,16.87403719884596,34000
many_moving,59,5,22.372881355932204,16.870064363042946,34000
many_moving,60,5,22.4,16.84094278874743,34000
many_moving,61,5,23.213114754098363,16.850870119656584,34000
many_moving,62,5,23.419354838709676,16.839934605653006,34000
many_moving,63,5,23.42857142857143,16.829334073918268,34000
many_moving,64,5,23.625,16.83159516522389,34000
many_moving,65,5,23.815384615384616,16.827751311193975,34000
many_moving,66,5,24.18181818181818,16.82542977070681,34000
many_moving,67,5,23.82089552238806,16.81756505107452,34000
many_moving,68,5,23.47058823529412,16.81279178533943,34000
many_moving,69,5,23.1304347826087,16.809826255729728,34000
many_moving,70,5,22.8,16.807936319030627,34000
many_moving,71,5,22.985915492957744,16.807129846583358,34000
many_moving,72,5,22.666666666666668,16.806847056646088,34000
many_moving,73,5,22.356164383561644,16.806757858382905,34000
many_moving,74,5,22.054054054054053,16.806776516197722,34000
many_moving,75,5,21.759999999999998,16.806852613486747,34000
many_moving,76,5,21.947368421052634,16.806956695861096,34000
many_moving,77,5,21.662337662337663,16.807071762284956,34000
many_moving,78,5,21.384615384615383,16.807188200700296,34000
many_moving,79,5,21.265822784810126,16.80184832021785,34000
many_moving,80,5,21.450000000000003,16.79859660086044,34000
many_moving,81,5,21.777777777777775,16.796572095631234,34000
many_moving,82,5,21.51219512195122,16.818979312557293,34000
many_moving,83,5,21.25301204819277,16.834250404268552,34000
many_moving,84,5,21,16.84376842800166,34000
many_moving,85,5,20.752941176470586,16.849548652151476,34000
many_moving,86,5,20.930232558139533,16.85301156465274,34000
many_moving,87,5,20.689655172413794,16.855066845244288,34000
many_moving,88,5,20.454545454545457,16.856272064439374,34000
many_moving,89,5,20.224719101123593,16.856963437240505,34000
many_moving,90,5,20,16.85734316361473,34000
many_moving,91,5,20.17582417582418,16.857533339769752,34000
many_moving,92,5,19.956521739130434,16.85760823387098,34000
many_moving,93,5,19.741935483870968,16.85761342144616,34000
many_moving,94,5,19.659574468085108,16.856115624426547,34000
many_moving,95,5,19.83157894736842,16.85517528656885,34000
many_moving,96,5,20.125,16.8545653832792,34000
many_moving,97,5,19.917525773195877,16.856050100808368,34000
many_moving,98,5,19.714285714285715,16.853651386107042,34000
many_moving,99,5,19.51515151515152,16.85820433018164,34000
many_moving,100,5,19.32,16.860390086676734,34000
many_moving,101,5,19.485148514851485,16.860780937697943,34000
many_moving,102,5,19.294117647058822,16.8601274494182,34000
many_moving,103,5,19.106796116504853,16.858890429451083,34000
many_moving,104,5,18.92307692307692,16.857351005267482,34000
many_moving,105,5,18.74285714285714,16.85568082648223,34000
many_moving,106,5,18.90566037735849,16.853984525995486,34000
many_moving,107,5,18.72897196261682,16.852325209050587,34000
many_moving,108,5,18.555555555555554,16.85073990580257,34000
many_moving,109,5,18.495412844036696,16.870419553627066,34000
many_moving,110,5,18.654545454545456,16.879398906775705,34000
many_moving,111,5,18.91891891891892,16.88334412820985,34000
many_moving,112,5,18.75,16.899253141334995,34000
many_moving,113,5,18.58407079646018,16.911622004226842,34000
many_moving,114,5,18.42105263157895,16.920292949823967,34000
many_moving,115,5,18.26086956521739,16.924961645670848,34000
many_moving,116,5,18.413793103448278,16.92427332039606,34000
many_moving,117,5,18.25641025641026,16.92013786385369,34000
many_moving,118,5,18.10169491525424,16.91526781587018,34000
many_moving,119,5,17.949579831932773,16.91025591998847,34000
many_moving,120,5,17.8,16.905382703104095,34000
many_moving,121,5,18.446280991735538,16.747297818431836,34000
many_moving,122,5,18.78688524590164,16.689407107136635,34000
many_moving,123,5,19.21951219512195,16.7489989505989,34000
many_moving,124,5,19.64516129032258,16.696592709573,34000
many_moving,125,5,20.351999999999997,16.648617843618347,34000
many_moving,126,5,21.047619047619047,16.623738673295136,34000
many_moving,127,5,21.448818897637793,16.612242257104075,34000
many_moving,128,5,21.75,16.6135286141449,34000
many_moving,129,5,22.046511627906977,16.62210246457754,34000
many_moving,130,5,22.430769230769233,16.63488886758596,34000
many_moving,131,5,23.083969465648856,16.648377662883984,34000
many_moving,132,5,23.454545454545453,16.648087813290413,34000
many_moving,133,5,23.729323308270676,16.672837465487195,34000
many_moving,134,5,24.089552238805968,16.726441858236146,34000
many_moving,135,5,24.444444444444443,16.7487631602664,34000
many_moving,136,5,25.058823529411764,16.781751020509844,34000
many_moving,137,5,25.4014598540146,16.807128505380234,34000
many_moving,138,5,25.65217391304348,16.864253597169668,34000
many_moving,139,5,25.812949640287766,16.87971890467403,34000
many_moving,140,5,26.228571428571428,16.877336418888397,34000
many_moving,141,5,26.638297872340424,16.877595417537155,34000
many_moving,142,5,26.788732394366196,16.88099714411214,34000
many_moving,143,5,26.93706293706294,16.887803885321688,34000
many_moving,144,5,27.083333333333336,16.89814753820516,34000
many_moving,145,5,27.475862068965522,16.792310356500952,34000
many_moving,146,5,28.109589041095894,16.69831074798502,34000
many_moving,147,5,28.57142857142857,16.6136019885761,34000
many_moving,148,5,29.027027027027025,16.525294592731278,34000
many_moving,149,5,29.476510067114095,16.42781726062397,34000
many_moving,150,5,29.919999999999998,16.307027917011727,34000
many_moving,151,5,30.516556291390728,16.194307525268783,34000
many_moving,152,5,30.947368421052634,16.075494844604684,34000
many_moving,153,5,31.372549019607845,15.938020103983192,34000
many_moving,154,5,31.792207792207787,15.848097372204418,34000
many_moving,155,5,32.36129032258064,15.713855099647446,34000
many_moving,156,5,32.92307692307692,15.568788547154401,34000
many_moving,157,5,33.32484076433121,15.442520493371415,34000
many_moving,158,5,33.721518987341774,15.331506677022995,34000
many_moving,159,5,34.113207547169814,15.251259129503287,34000
many_moving,160,5,34.5,15.213378091368188,34000
many_moving,161,5,34.95652173913044,15.175587907350092,34000
many_moving,162,5,35.333333333333336,15.198301485196371,34000
many_moving,163,5,35.70552147239264,15.200902057975586,34000
many_moving,164,5,36.073170731707314,15.387616495775367,34000
many_moving,165,5,36.43636363636364,15.59518561262784,34000
many_moving,166,5,36.93975903614458,15.834079356193598,34000
many_moving,167,5,37.293413173652695,16.16116898519264,34000
many_moving,168,5,37.57142857142858,16.48293283727544,34000
many_moving,169,5,37.77514792899408,16.841415306231227,34000
many_moving,170,5,38.11764705882353,17.181165518202068,34000
many_moving,171,5,38.45614035087719,17.520471783612663,34000
many_moving,172,5,38.651162790697676,17.869740250049993,34000
many_moving,173,5,38.91329479768786,18.206463837392974,34000
many_moving,174,5,39.10344827586207,18.536961074116075,34000
many_moving,175,5,39.29142857142857,18.86344141019456,34000
many_moving,176,5,39.61363636363637,19.179577523776867,34000
many_moving,177,5,39.79661016949152,19.48582225764556,34000
many_moving,178,5,40.04494382022472,19.788869628182177,34000
many_moving,179,5,40.22346368715084,20.185011541263208,34000
many_moving,180,5,40.4,20.40373323522422,34000
many_moving,181,5,40.3756906077348,20.434683764820097,34000
many_moving,182,5,40.21978021978022,20.474856912264034,34000
many_moving,183,5,40.06557377049181,20.522820391544457,34000
many_moving,184,5,39.84782608695652,20.57865756510138,34000
many_moving,185,5,39.762162162162156,20.62838810866548,34000
many_moving,186,5,39.67741935483871,20.67166497520416,34000
many_moving,187,5,39.465240641711226,20.710911785793733,34000
many_moving,188,5,39.319148936170215,20.74734430986847,34000
many_moving,189,5,39.111111111111114,20.781528396904022,34000
many_moving,190,5,38.90526315789474,20.81370873182379,34000
many_moving,191,5,38.82722513089006,20.84398733501256,34000
many_moving,192,5,38.62499999999999,20.872413789749476,34000
many_moving,193,5,38.48704663212435,20.899027171247024,34000
many_moving,194,5,38.28865979381443,20.9238730621169,34000
many_moving,195,5,38.215384615384615,20.941813124539358,34000
many_moving,196,5,38.14285714285714,20.95937855326255,34000
many_moving,197,5,38.01015228426396,20.976564744405337,34000
many_moving,198,5,37.87878787878788,20.99304279425884,34000
many_moving,199,5,37.688442211055275,21.008622693238493,34000
many_moving,200,5,37.62,21.023208926954524,34000
many_moving,201,5,37.55223880597015,21.11183682267095,34000
many_moving,202,5,37.366336633663366,21.127655663138466,34000
many_moving,203,5,37.241379310344826,21.142393502336382,34000
many_moving,204,5,37.05882352941177,21.156095867980397,34000
many_moving,205,5,36.87804878048781,21.16881642958311,34000
many_moving,206,5,36.81553398058253,21.180612869260706,34000
many_moving,207,5,36.63768115942029,21.191544099429834,34000
many_moving,208,5,36.51923076923077,21.20166843920216,34000
many_moving,209,5,36.3444976076555,21.211042457125984,34000
many_moving,210,5,36.285714285714285,21.219720269211592,34000
many_moving,211,5,36.22748815165877,21.1237492084169,34000
many_moving,212,5,36.113207547169814,21.12867714019287,34000
many_moving,213,5,36,21.133501426983898,34000
many_moving,214,5,35.83177570093458,21.138113412460793,34000
many_moving,215,5,35.77674418604651,21.142459092005492,34000
many_moving,216,5,35.833333333333336,21.140378808263502,34000
many_moving,217,5,35.83410138248848,21.15727095948963,34000
many_moving,218,5,35.834862385321095,21.27556550638393,34000
many_moving,219,5,35.83561643835617,21.1571034484507,34000
many_moving,220,5,35.836363636363636,21.153270932254955,34000
many_moving,221,5,35.89140271493213,21.145655172573527,34000
many_moving,222,5,35.891891891891895,21.15464962190844,34000
many_moving,223,5,35.83856502242152,21.1697662851556,34000
many_moving,224,5,35.67857142857142,21.18256551224497,34000
many_moving,225,5,35.57333333333334,21.18246092145815,34000
many_moving,226,5,35.522123893805315,21.185323522193464,34000
many_moving,227,5,35.418502202643175,21.189769051268122,34000
many_moving,228,5,35.31578947368421,21.194978190858688,34000
many_moving,229,5,35.161572052401745,21.200469914121978,34000
many_moving,230,5,35.11304347826087,21.205966528363376,34000
many_moving,231,5,35.064935064935064,21.21131250073064,34000
many_moving,232,5,34.91379310344828,21.21642539640734,34000
many_moving,233,5,34.81545064377682,21.22126618112899,34000
many_moving,234,5,34.666666666666664,21.22582125827971,34000
many_moving,235,5,34.51914893617021,21.230091630845408,34000
many_moving,236,5,34.47457627118644,21.234086390041977,34000
many_moving,237,5,34.379746835443036,21.23781882883228,34000
many_moving,238,5,34.285714285714285,21.23835125739498,34000
many_moving,239,5,34.14225941422594,21.239448102059782,34000
many_moving,240,5,34.05,21.257109540914634,34000
many_moving,241,5,34.00829875518672,21.267789442311987,34000
many_moving,242,5,33.91735537190083,21.274264213480215,34000
many_moving,243,5,33.827160493827165,21.278207936341666,34000
many_moving,244,5,33.68852459016394,21.280628218160558,34000
many_moving,245,5,33.64897959183674,21.282130907624015,34000
many_moving,246,5,33.60975609756098,21.28308009712932,34000
many_moving,247,5,33.47368421052632,21.283694555930957,34000
many_moving,248,5,33.387096774193544,21.284105750860206,34000
many_moving,249,5,33.253012048192765,21.284392719802753,34000
many_moving,250,5,33.12,21.284603019654305,34000
many_moving,251,5,33.08366533864542,21.284765304863864,34000
many_moving,252,5,33,21.28489687884141,34000
many_moving,253,5,32.91699604743083,21.282911887083113,34000
many_moving,254,5,32.787401574803155,21.281740554614405,34000
many_moving,255,5,32.705882352941174,21.28688073637138,34000
many_moving,256,5,32.671875,21.28960629447598,34000
many_moving,257,5,32.59143968871595,21.290893515542887,34000
many_moving,258,5,32.51162790697675,21.29132915396789,34000
many_moving,259,5,32.38610038610039,21.291265482569678,34000
many_moving,260,5,32.353846153846156,21.290913827126708,34000
many_moving,261,5,32.321839080459775,21.290400853579747,34000
many_moving,262,5,32.19847328244275,21.28980239209004,34000
many_moving,263,5,32.12167300380228,21.289163746405627,34000
many_moving,264,5,32,21.288511883855985,34000
many_moving,265,5,31.879245283018868,21.28786275142434,34000
many_moving,266,5,31.849624060150372,21.287225667405625,34000
many_moving,267,5,31.775280898876403,21.28660595872734,34000
many_moving,268,5,31.70149253731343,21.27477071287326,34000
many_moving,269,5,31.583643122676577,21.264041553333122,34000
many_moving,270,5,31.511111111111113,21.24605388434061,34000
many_moving,271,5,31.48339483394834,21.232463102151,34000
many_moving,272,5,31.411764705882355,21.22166999531096,34000
many_moving,273,5,31.34065934065934,21.21270290448616,34000
many_moving,274,5,31.226277372262775,21.204968853194007,34000
many_moving,275,5,31.200000000000003,21.198103421242678,34000
many_moving,276,5,31.173913043478265,21.191880236516052,34000
many_moving,277,5,31.06137184115524,21.186156427574776,34000
many_moving,278,5,30.99280575539568,21.180839753384568,34000
many_moving,279,5,30.881720430107524,21.17586879413223,34000
many_moving,280,5,30.77142857142857,21.171201009140844,34000
many_moving,281,5,30.74733096085409,21.166805532261716,34000
many_moving,282,5,30.680851063829785,21.162658819692716,34000
many_moving,283,5,30.614840989399294,21.15874201515769,34000
many_moving,284,5,30.507042253521128,21.15503934915658,34000
many_moving,285,5,30.442105263157895,21.151537161048896,34000
many_moving,286,5,30.41958041958042,21.148223296513198,34000
many_moving,287,5,30.35540069686411,21.145086731498452,34000
many_moving,288,5,30.291666666666668,21.14211733309569,34000
many_moving,289,5,30.311418685121108,21.139545266800603,34000
many_moving,290,5,30.413793103448278,21.142024517149107,34000
many_moving,291,5,30.515463917525775,21.151482661536924,34000
many_moving,292,5,30.53424657534247,21.156492743119077,34000
many_moving,293,5,30.5938566552901,21.15432975061778,34000
many_moving,294,5,30.612244897959183,21.137940432725223,34000
many_moving,295,5,30.630508474576267,21.136698010155023,34000
many_moving,296,5,30.729729729729726,21.144485100249092,34000
many_moving,297,5,30.666666666666668,21.15964360542234,34000
many_moving,298,5,30.604026845637584,21.167721398241266,34000
many_moving,299,5,30.501672240802677,21.172343172987354,34000
many_moving,300,5,30.4,21.174902663980625,34000
many_moving,0,10,0,17.053060522004635,
many_moving,1,10,180,17.029957426985952,
many_moving,2,10,210,16.848967640201156,
many_moving,3,10,220,16.62696001461787,
many_moving,4,10,217.5,16.39770966502353,
many_moving,5,10,218.4,16.20061553638242,
many_moving,6,10,218,15.974926429483668,
many_moving,7,10,212.57142857142858,15.765890786929992,
many_moving,8,10,188.25,15.549266091046594,
many_moving,9,10,167.33333333333334,15.328039446882105,
many_moving,10,10,150.60000000000002,15.127546930101923,
many_moving,11,10,136.90909090909093,14.96414223635136,
many_moving,12,10,125.5,14.833840617755632,
many_moving,13,10,115.84615384615385,14.730824604820379,
many_moving,14,10,107.57142857142857,14.647970703533781,
many_moving,15,10,100.4,14.580095931024555,
many_moving,16,10,94.125,14.524547464319564,
many_moving,17,10,88.58823529411765,14.479954672370216,
many_moving,18,10,83.66666666666667,14.44536855111445,
many_moving,19,10,79.26315789473685,14.41996167111984,
many_moving,20,10,75.60000000000001,14.402932945046278,
many_moving,21,10,72.85714285714286,14.393471035661175,
many_moving,22,10,71.18181818181819,14.356772730489192,
many_moving,23,10,68.08695652173913,14.323624835383441,
many_moving,24,10,65.25,14.300892752234072,
many_moving,25,10,62.64,14.286786204990198,
many_moving,26,10,60.23076923076923,14.280242252616961,
many_moving,27,10,58,14.280438706456508,
many_moving,28,10,56.35714285714286,14.265183135832476,
many_moving,29,10,57.10344827586207,14.30518031416393,
many_moving,30,10,58,14.320258864044607,
many_moving,31,10,59.2258064516129,14.316382489782953,
many_moving,32,10,60.1875,14.338572653018904,
many_moving,33,10,60.90909090909091,14.366709682296019,
many_moving,34,10,61.76470588235294,14.400003785829202,
many_moving,35,10,62.22857142857142,14.392318843510875,
many_moving,36,10,61.16666666666667,14.399498929060712,
many_moving,37,10,60.16216216216216,14.37911844764622,
many_moving,38,10,58.578947368421055,14.365784513995697,
many_moving,39,10,57.07692307692308,14.360023407837298,
many_moving,40,10,55.650000000000006,14.357234825193867,
many_moving,41,10,54.43902439024391,14.355142200910938,41000
many_moving,42,10,53.14285714285715,14.349323786281953,41000
many_moving,43,10,52.46511627906977,14.371957312549938,41000
many_moving,44,10,51.68181818181819,14.35921700938255,41000
many_moving,45,10,51.06666666666666,14.35315870546384,41000
many_moving,46,10,50.60869565217391,14.357966966662497,41000
many_moving,47,10,50.04255319148937,14.362902678244941,41000
many_moving,48,10,49.5,14.35688313006142,41000
many_moving,49,10,49.102040816326536,14.363092931194311,41000
many_moving,50,10,48.48,14.33508715415564,41000
many_moving,51,10,47.88235294117648,14.326547396500157,41000
many_moving,52,10,47.30769230769231,14.306553786180476,41000
many_moving,53,10,46.41509433962264,14.297710567739951,41000
many_moving,54,10,45.55555555555556,14.306846461230531,41000
many_moving,55,10,44.72727272727273,14.323743610097527,41000
many_moving,56,10,44.357142857142854,14.383720374824104,41000
many_moving,57,10,44.31578947368421,14.449100141082393,41000
many_moving,58,10,44.79310344827586,14.463616335564677,41000
many_moving,59,10,45.355932203389834,14.509016859512974,41000
many_moving,60,10,45.8,14.549553475919973,41000
many_moving,61,10,46.42622950819673,14.611870648873918,41000
many_moving,62,10,46.93548387096774,14.59422046518138,41000
many_moving,63,10,47.047619047619044,14.66698556235393,41000
many_moving,64,10,47.25,14.677453467894736,41000
many_moving,65,10,46.800000000000004,14.712210210334272,41000
many_moving,66,10,46.36363636363636,14.722908985435964,41000
many_moving,67,10,45.76119402985075,14.786305360232998,41000
many_moving,68,10,45.08823529411765,14.839582114708563,41000
many_moving,69,10,44.434782608695656,14.880517615339667,41000
many_moving,70,10,43.8,14.915581921541161,41000
many_moving,71,10,43.267605633802816,14.947273426289588,41000
many_moving,72,10,42.66666666666667,14.976681676146608,41000
many_moving,73,10,42.08219178082192,15.004356898881445,41000
many_moving,74,10,41.513513513513516,15.03062285515252,41000
many_moving,75,10,40.96,15.055695311416589,41000
many_moving,76,10,40.5,15.079730261704139,41000
many_moving,77,10,40.051948051948045,15.102905445810839,41000
many_moving,78,10,39.53846153846153,15.126861621753122,41000
many_moving,79,10,39.34177215189873,15.149536373273842,41000
many_moving,80,10,39,15.18103764886196,41000
many_moving,81,10,38.74074074074073,15.24327852613501,41000
many_moving,82,10,38.34146341463414,15.250842189358531,41000
many_moving,83,10,37.87951807228916,15.264308127811978,41000
many_moving,84,10,37.42857142857143,15.28213415248121,41000
many_moving,85,10,36.98823529411764,15.301619099081265,41000
many_moving,86,10,37.116279069767444,15.343915224083451,41000
many_moving,87,10,37.241379310344826,15.416760887674846,41000
many_moving,88,10,37.36363636363637,15.418327117236638,41000
many_moving,89,10,37.550561797752806,15.43268720684282,41000
many_moving,90,10,37.666666666666664,15.398974970776397,41000
many_moving,91,10,37.91208791208791,15.387826598762064,41000
many_moving,92,10,38.086956521739125,15.334610805690426,41000
many_moving,93,10,38,15.361649632063314,41000
many_moving,94,10,38.04255319148936,15.363757933326292,41000
many_moving,95,10,37.95789473684211,15.372715151222843,41000
many_moving,96,10,37.8125,15.405749232789054,41000
many_moving,97,10,37.48453608247423,15.402442902367417,41000
many_moving,98,10,37.10204081632653,15.408774237585778,41000
many_moving,99,10,36.72727272727273,15.4185942822505,41000
many_moving,100,10,36.6,15.433661836816938,41000
many_moving,101,10,36.83168316831683,15.42753486363301,41000
many_moving,102,10,37.05882352941177,15.455635593276543,41000
many_moving,103,10,37.456310679611654,15.493096591908738,41000
many_moving,104,10,37.73076923076923,15.499086859305029,41000
many_moving,105,10,38.05714285714286,15.522598067097325,41000
many_moving,106,10,38.43396226415095,15.521634428361626,41000
many_moving,107,10,38.52336448598131,15.510384530846764,41000
many_moving,108,10,38.333333333333336,15.548542231637446,41000
many_moving,109,10,38.31192660550458,15.586559914914949,41000
many_moving,110,10,38.07272727272727,15.591613797331942,41000
many_moving,111,10,37.83783783783784,15.591752968863682,41000
many_moving,112,10,37.5,15.602034233599621,41000
many_moving,113,10,37.16814159292036,15.610825860869369,41000
many_moving,114,10,36.8421052631579,15.618385690943693,41000
many_moving,115,10,36.52173913043478,15.625087344713549,41000
many_moving,116,10,36.25862068965517,15.63118673418341,41000
many_moving,117,10,35.94871794871795,15.636845653065228,41000
many_moving,118,10,35.644067796610166,15.642166740594641,41000
many_moving,119,10,35.344537815126046,15.647216687269355,41000
many_moving,120,10,35.05,15.652040224782521,41000
many_moving,121,10,35.70247933884298,15.609992664016712,41000
many_moving,122,10,36.540983606557376,15.686260920644983,41000
many_moving,123,10,37.463414634146346,15.678001037969917,41000
many_moving,124,10,38.41935483870968,15.746242004835654,41000
many_moving,125,10,39.216,15.77720798616806,41000
many_moving,126,10,40.14285714285714,15.834649717956188,41000
many_moving,127,10,41.05511811023622,15.901474225147656,41000
many_moving,128,10,41.859375,15.927187865353082,41000
many_moving,129,10,42.69767441860465,16.04590996415815,41000
many_moving,130,10,43.84615384615385,16.1908845127819,41000
many_moving,131,10,45.068702290076345,16.22991757824833,41000
many_moving,132,10,46.22727272727273,16.386239900626343,41000
many_moving,133,10,47.54887218045113,16.475540249980398,41000
many_moving,134,10,48.80597014925373,16.571975629478153,41000
many_moving,135,10,50.08888888888889,16.64555858187766,41000
many_moving,136,10,51.088235294117645,16.699893581002108,41000
many_moving,137,10,52.072992700729934,16.752157045469747,41000
many_moving,138,10,52.913043478260875,16.69437407733869,41000
many_moving,139,10,53.611510791366904,16.662888148288225,41000
many_moving,140,10,54.21428571428571,16.670760050637302,41000
many_moving,141,10,54.93617021276595,16.645277599608427,41000
many_moving,142,10,55.563380281690144,16.639706761944904,41000
many_moving,143,10,56.13986013986015,16.72062880463792,41000
many_moving,144,10,56.708333333333336,16.794976494479748,41000
many_moving,145,10,57.1448275862069,16.89643663500385,41000
many_moving,146,10,57.61643835616438,17.019898678020542,41000
many_moving,147,10,58.08163265306123,17.052952414427224,41000
many_moving,148,10,58.54054054054054,17.176527437612243,41000
many_moving,149,10,58.95302013422819,17.240410535653503,41000
many_moving,150,10,59.52,17.286042202812617,41000
many_moving,151,10,60.03973509933775,17.363971337819454,41000
many_moving,152,10,60.671052631578945,17.435192573900828,41000
many_moving,153,10,61.411764705882355,17.55009563278685,41000
many_moving,154,10,62.14285714285714,17.66255470458513,41000
many_moving,155,10,62.74838709677419,17.7610965577256,41000
many_moving,156,10,63.34615384615384,17.8197815958896,41000
many_moving,157,10,63.97452229299363,17.903635249978905,41000
many_moving,158,10,64.48101265822785,17.946437587267816,41000
many_moving,159,10,64.8301886792453,17.97354644643753,41000
many_moving,160,10,65.1375,18.012657670233246,41000
many_moving,161,10,65.51552795031057,18.09529734877433,41000
many_moving,162,10,65.96296296296296,18.23448031877663,41000
many_moving,163,10,66.3680981595092,18.398714661076177,41000
many_moving,164,10,66.73170731707317,18.606637495620173,41000
many_moving,165,10,67.12727272727273,18.826130353810743,41000
many_moving,166,10,67.48192771084337,19.015306266637303,41000
many_moving,167,10,67.94011976047905,19.224379849527864,41000
many_moving,168,10,68.46428571428571,19.442113403199137,41000
many_moving,169,10,68.98224852071006,19.642286933728847,41000
many_moving,170,10,69.45882352941176,19.83221360078552,41000
many_moving,171,10,70.03508771929825,19.988187055846836,41000
many_moving,172,10,70.43023255813954,20.16728918132093,41000
many_moving,173,10,70.61271676300578,20.27570336882382,41000
many_moving,174,10,70.79310344827587,20.32540798751332,41000
many_moving,175,10,70.97142857142858,20.3550651324666,41000
many_moving,176,10,71.11363636363636,20.355821855085598,41000
many_moving,177,10,71.22033898305084,20.39058786930332,41000
many_moving,178,10,71.32584269662921,20.41824058183058,41000
many_moving,179,10,71.43016759776536,20.446792604176544,41000
many_moving,180,10,71.5,20.451672223331162,41000
many_moving,181,10,71.30386740331491,20.445398520792526,41000
many_moving,182,10,71.07692307692308,20.43946136722855,41000
many_moving,183,10,70.88524590163935,20.376044827350245,41000
many_moving,184,10,70.76086956521739,20.37889136986566,41000
many_moving,185,10,70.63783783783784,20.371124350803445,41000
many_moving,186,10,70.64516129032258,20.3458705390247,41000
many_moving,187,10,70.74866310160428,20.358127751073688,41000
many_moving,188,10,70.81914893617021,20.441359022858283,41000
many_moving,189,10,70.7936507936508,20.53238948337114,41000
many_moving,190,10,70.70526315789475,20.615155434382494,41000
many_moving,191,10,70.52356020942409,20.68345485892427,41000
many_moving,192,10,70.3125,20.757347064720488,41000
many_moving,193,10,70.04145077720207,20.849599359293936,41000
many_moving,194,10,69.71134020618557,20.922733785160396,41000
many_moving,195,10,69.38461538461539,20.99103400554484,41000
many_moving,196,10,69.06122448979592,21.056720035754537,41000
many_moving,197,10,68.71065989847716,21.12007620731998,41000
many_moving,198,10,68.39393939393939,21.180914404107057,41000
many_moving,199,10,68.14070351758794,21.233860243109405,41000
many_moving,200,10,67.83,21.268682967520814,41000
many_moving,201,10,67.55223880597015,21.289739856336855,41000
many_moving,202,10,67.27722772277228,21.3003535554112,41000
many_moving,203,10,67.064039408867,21.30216532219768,41000
many_moving,204,10,66.8529411764706,21.306931701095777,41000
many_moving,205,10,66.55609756097562,21.316077025429863,41000
many_moving,206,10,66.29126213592234,21.322012280233686,41000
many_moving,207,10,66,21.328424176898803,41000
many_moving,208,10,65.71153846153847,21.346837592191168,41000
many_moving,209,10,65.48325358851675,21.3495256886469,41000
many_moving,210,10,65.22857142857143,21.350371570000412,41000
many_moving,211,10,64.9478672985782,21.3583829023628,41000
many_moving,212,10,64.64150943396227,21.365273941203647,41000
many_moving,213,10,64.3943661971831,21.37154675648912,41000
many_moving,214,10,64.17757009345794,21.35603482788953,41000
many_moving,215,10,63.87906976744186,21.36323616149394,41000
many_moving,216,10,63.638888888888886,21.367053064662198,41000
many_moving,217,10,63.40092165898618,21.3715712493041,41000
many_moving,218,10,63.19266055045871,21.366383622308916,41000
many_moving,219,10,63.013698630136986,21.37890731492215,41000
many_moving,220,10,62.78181818181818,21.390938930965767,41000
many_moving,221,10,62.55203619909503,21.390784773384183,41000
many_moving,222,10,62.29729729729729,21.393824201920417,41000
many_moving,223,10,62.04484304932735,21.392443245257162,41000
many_moving,224,10,61.794642857142854,21.390894662552782,41000
many_moving,225,10,61.54666666666667,21.392295205882476,41000
many_moving,226,10,61.30088495575222,21.392910454825504,41000
many_moving,227,10,61.03083700440529,21.39309125491911,41000
many_moving,228,10,60.78947368421053,21.39301807861817,41000
many_moving,229,10,60.55021834061135,21.39279699893138,41000
many_moving,230,10,60.28695652173913,21.392488949588746,41000
many_moving,231,10,60.07792207792208,21.39212952760686,41000
many_moving,232,10,59.87068965517241,21.38210286540436,41000
many_moving,233,10,59.690987124463526,21.383775493781442,41000
many_moving,234,10,59.48717948717949,21.384671956531815,41000
many_moving,235,10,59.259574468085106,21.3891514863952,41000
many_moving,236,10,59.05932203389831,21.395270094569128,41000
many_moving,237,10,58.835443037974684,21.399490986548447,41000
many_moving,238,10,58.66386554621848,21.38368819464469,41000
many_moving,239,10,58.51882845188284,21.374756188624122,41000
many_moving,240,10,58.4,21.350115337010724,41000
many_moving,241,10,58.531120331950206,21.364899933480324,41000
many_moving,242,10,58.586776859504134,21.404259433365187,41000
many_moving,243,10,58.666666666666664,21.450645220374415,41000
many_moving,244,10,58.795081967213115,21.451898462704836,41000
many_moving,245,10,58.89795918367347,21.47512496579954,41000
many_moving,246,10,59.024390243902445,21.477120654947793,41000
many_moving,247,10,59.1012145748988,21.466949075271902,41000
many_moving,248,10,58.93548387096774,21.455433702772474,41000
many_moving,249,10,58.74698795180723,21.455349732575247,41000
many_moving,250,10,58.535999999999994,21.453907023906087,41000
many_moving,251,10,58.32669322709163,21.452745881600297,41000
many_moving,252,10,58.095238095238095,21.451430435514556,41000
many_moving,253,10,57.8893280632411,21.4499857379627,41000
many_moving,254,10,57.685039370078734,21.448431185639087,41000
many_moving,255,10,57.48235294117647,21.447679028932253,41000
many_moving,256,10,57.28125,21.44639740816691,41000
many_moving,257,10,57.10505836575876,21.445120337393774,41000
many_moving,258,10,56.93023255813954,21.434020958783385,41000
many_moving,259,10,56.73359073359074,21.433563100956004,41000
many_moving,260,10,56.51538461538462,21.431307312685817,41000
many_moving,261,10,56.390804597701155,21.42932713136807,41000
many_moving,262,10,56.22137404580153,21.447222827106028,41000
many_moving,263,10,56.07604562737642,21.452523449754864,41000
many_moving,264,10,55.90909090909091,21.450805315435442,41000
many_moving,265,10,55.720754716981126,21.45203084704007,41000
many_moving,266,10,55.53383458646616,21.45256440521505,41000
many_moving,267,10,55.37078651685393,21.4534852255609,41000
many_moving,268,10,55.298507462686565,21.483418691804726,41000
many_moving,269,10,55.29368029739777,21.460809294081855,41000
many_moving,270,10,55.28888888888889,21.471481232973908,41000
many_moving,271,10,55.284132841328415,21.47546197841408,41000
many_moving,272,10,55.25735294117647,21.47430043439994,41000
many_moving,273,10,55.252747252747255,21.5008464497544,41000
many_moving,274,10,55.24817518248176,21.486802371371088,41000
many_moving,275,10,55.11272727272728,21.5064326789704,41000
many_moving,276,10,54.978260869565226,21.51245692564965,41000
many_moving,277,10,54.801444043321304,21.506165153386796,41000
many_moving,278,10,54.690647482014384,21.51387791532577,41000
many_moving,279,10,54.58064516129032,21.52595278619443,41000
many_moving,280,10,54.40714285714286,21.53079800933379,41000
many_moving,281,10,54.23487544483986,21.537076980595497,41000
many_moving,282,10,54.04255319148936,21.542602338377513,41000
many_moving,283,10,53.936395759717314,21.543693559161873,41000
many_moving,284,10,53.83098591549296,21.539164180608907,41000
many_moving,285,10,53.705263157894734,21.54911297012249,41000
many_moving,286,10,53.6013986013986,21.550217936749274,41000
many_moving,287,10,53.47735191637631,21.543071764955016,41000
many_moving,288,10,53.375,21.55267978903239,41000
many_moving,289,10,53.41868512110727,21.510820082068882,41000
many_moving,290,10,53.35862068965517,21.55787330305015,41000
many_moving,291,10,53.36082474226805,21.534661583950964,41000
many_moving,292,10,53.3013698630137,21.51479247993568,41000
many_moving,293,10,53.303754266211605,21.525053267424205,41000
many_moving,294,10,53.326530612244895,21.531322494290613,41000
many_moving,295,10,53.28813559322034,21.513021123038026,41000
many_moving,296,10,53.12837837837838,21.54547443963442,41000
many_moving,297,10,52.949494949494955,21.541490106880737,41000
many_moving,298,10,52.79194630872483,21.54164344429419,41000
many_moving,299,10,52.635451505016725,21.5406304328646,41000
many_moving,300,10,52.46,21.53946242156853,41000
many_moving,0,20,0,16.60956707963326,
many_moving,1,20,255,16.534300581588372,
many_moving,2,20,330,16.45372342476923,
many_moving,3,20,360,16.39620271959624,
many_moving,4,20,375,16.32234569372124,
many_moving,5,20,382.8,16.299663643408024,
many_moving,6,20,385,16.223307699983742,
many_moving,7,20,383.14285714285717,16.159183954768977,
many_moving,8,20,347.25,16.128176642501348,
many_moving,9,20,308.6666666666667,16.073652308303995,
many_moving,10,20,277.8,16.04289682750241,
many_moving,11,20,252.54545454545456,15.977438121649763,
many_moving,12,20,231.49999999999997,15.963711108043404,
many_moving,13,20,213.69230769230768,15.898573431990163,
many_moving,14,20,198.42857142857142,15.911396874397685,
many_moving,15,20,185.2,15.871969871276855,
many_moving,16,20,173.625,15.898405162049006,
many_moving,17,20,163.41176470588235,15.864737057030126,
many_moving,18,20,154.33333333333334,15.895708911771402,
many_moving,19,20,146.21052631578948,15.86569492781976,
many_moving,20,20,139.05,15.900056256750863,
many_moving,21,20,133,15.873262932537724,
many_moving,22,20,129,15.929621399728356,
many_moving,23,20,123.39130434782606,15.905901104322501,
many_moving,24,20,118.24999999999999,15.93522946236268,
many_moving,25,20,113.51999999999998,15.91961741971389,
many_moving,26,20,109.15384615384615,15.954195092465099,
many_moving,27,20,105.1111111111111,15.93824120928698,
many_moving,28,20,101.57142857142857,15.971751258328291,
many_moving,29,20,102.3103448275862,15.92461271065522,
many_moving,30,20,104.1,15.986551339448601,
many_moving,31,20,106.35483870967741,15.960247457830144,
many_moving,32,20,108.09375,15.980390035021415,
many_moving,33,20,109.99999999999999,16.01630355057599,
many_moving,34,20,111.61764705882354,16.036045674547672,34000
many_moving,35,20,113.14285714285714,15.949697074167322,34000
many_moving,36,20,111.41666666666666,15.952682732293843,34000
many_moving,37,20,109.2162162162162,15.924886493300807,34000
many_moving,38,20,106.34210526315789,15.905506676753976,34000
many_moving,39,20,103.6153846153846,15.900726086277947,34000
many_moving,40,20,101.02499999999999,15.872833185305435,34000
many_moving,41,20,98.63414634146342,15.878368582267473,34000
many_moving,42,20,96.2857142857143,15.847336498686843,34000
many_moving,43,20,94.04651162790698,15.854585517256021,34000
many_moving,44,20,92.18181818181819,15.803371992019288,34000
many_moving,45,20,90.46666666666665,15.838503420402176,34000
many_moving,46,20,88.82608695652172,15.79839640066552,34000
many_moving,47,20,87.19148936170212,15.814293301418735,34000
many_moving,48,20,85.68749999999999,15.779847734308415,34000
many_moving,49,20,84.3061224489796,15.791177283243746,34000
many_moving,50,20,83.28,15.76152833831718,34000
many_moving,51,20,81.88235294117646,15.76852731466966,34000
many_moving,52,20,80.82692307692307,15.747982087909136,34000
many_moving,53,20,79.30188679245283,15.741662951969605,34000
many_moving,54,20,77.83333333333333,15.696530547351177,34000
many_moving,55,20,76.41818181818182,15.710933802227709,34000
many_moving,56,20,75.42857142857143,15.655732587243275,34000
many_moving,57,20,75.42105263157896,15.696968117551737,34000
many_moving,58,20,76.08620689655172,15.67811210439206,34000
many_moving,59,20,77.18644067796612,15.68935021813029,34000
many_moving,60,20,78.05,15.718842259099967,34000
many_moving,61,20,79.13114754098362,15.715330789925483,34000
many_moving,62,20,80.27419354838709,15.682351220524215,34000
many_moving,63,20,81.23809523809523,15.671789050758736,34000
many_moving,64,20,81.28125,15.722150538342955,34000
many_moving,65,20,80.81538461538462,15.677421623940706,34000
many_moving,66,20,79.68181818181819,15.678573494164292,34000
many_moving,67,20,78.76119402985074,15.627059682528094,34000
many_moving,68,20,77.6029411764706,15.61835346771473,34000
many_moving,69,20,76.47826086956523,15.598687178480336,34000
many_moving,70,20,75.38571428571429,15.583096263437312,34000
many_moving,71,20,74.36619718309859,15.567728909670745,34000
many_moving,72,20,73.625,15.530706238313106,34000
many_moving,73,20,73.02739726027397,15.507940342716537,34000
many_moving,74,20,72.4054054054054,15.489878536718663,34000
many_moving,75,20,71.8,15.477682979004877,34000
many_moving,76,20,71.28947368421052,15.47209991916878,34000
many_moving,77,20,70.79220779220778,15.482988714656988,34000
many_moving,78,20,70.26923076923076,15.481517111531819,34000
many_moving,79,20,69.53164556962025,15.447057595494309,34000
many_moving,80,20,68.92500000000001,15.463957665353387,34000
many_moving,81,20,68.14814814814814,15.444098891355107,34000
many_moving,82,20,67.5,15.470174218869536,34000
many_moving,83,20,66.6867469879518,15.432232221810931,34000
many_moving,84,20,66.35714285714286,15.441995634441895,34000
many_moving,85,20,66.49411764705883,15.453134785066913,34000
many_moving,86,20,66.87209302325581,15.439478079286681,34000
many_moving,87,20,67.51724137931035,15.401652175698706,34000
many_moving,88,20,68.11363636363637,15.405394549791236,34000
many_moving,89,20,68.89887640449439,15.390571555340296,34000
many_moving,90,20,69.66666666666667,15.389787386562364,34000
many_moving,91,20,70.12087912087912,15.36391218993306,34000
many_moving,92,20,70.07608695652173,15.387727766964613,34000
many_moving,93,20,69.87096774193547,15.372980034800538,34000
many_moving,94,20,69.38297872340426,15.369018550269299,34000
many_moving,95,20,68.90526315789474,15.333687925022414,34000
many_moving,96,20,68.25,15.310557036712302,34000
many_moving,97,20,67.6082474226804,15.290237829413192,34000
many_moving,98,20,66.91836734693878,15.272564659297748,34000
many_moving,99,20,66.24242424242425,15.247353921443533,34000
many_moving,100,20,65.58,15.239959632995271,34000
many_moving,101,20,65.04950495049505,15.192077005857815,34000
many_moving,102,20,64.91176470588235,15.230870733314173,34000
many_moving,103,20,64.86407766990291,15.178962284186582,34000
many_moving,104,20,64.84615384615385,15.17283114742975,34000
many_moving,105,20,64.82857142857144,15.212285404982103,34000
many_moving,106,20,64.81132075471699,15.195621678012495,34000
many_moving,107,20,64.8785046728972,15.162362422232556,34000
many_moving,108,20,64.83333333333333,15.140800813907717,34000
many_moving,109,20,64.3211009174312,15.132698843578513,34000
many_moving,110,20,63.845454545454544,15.148030761697871,34000
many_moving,111,20,63.37837837837837,15.217261122475204,34000
many_moving,112,20,63.107142857142854,15.211903543721196,34000
many_moving,113,20,62.8141592920354,15.226051848207865,34000
many_moving,114,20,62.86842105263158,15.173350561781314,34000
many_moving,115,20,63.07826086956522,15.166982237893189,34000
many_moving,116,20,63.54310344827586,15.172702808258569,34000
many_moving,117,20,64.15384615384615,15.21900073037249,34000
many_moving,118,20,64.85593220338983,15.142417058654303,34000
many_moving,119,20,65.6470588235294,15.144229890731106,34000
many_moving,120,20,66.275,15.142612285310449,34000
many_moving,121,20,67.56198347107438,15.21131841643402,34000
many_moving,122,20,68.8032786885246,15.264085110378227,34000
many_moving,123,20,70.04878048780488,15.309746106093542,34000
many_moving,124,20,71.08064516129032,15.32985209509575,34000
many_moving,125,20,72.072,15.383624318322878,34000
many_moving,126,20,72.95238095238095,15.324029303770413,34000
many_moving,127,20,73.7007874015748,15.376237632655508,34000
many_moving,128,20,74.390625,15.401345772610735,34000
many_moving,129,20,75.04651162790698,15.440646385488748,34000
many_moving,130,20,75.64615384615385,15.44439066279062,34000
many_moving,131,20,76.16793893129773,15.422641787961481,34000
many_moving,132,20,76.63636363636363,15.440147882309967,34000
many_moving,133,20,76.87218045112782,15.408687305261381,34000
many_moving,134,20,77.23880597014926,15.417470105565542,34000
many_moving,135,20,77.53333333333333,15.451640413791415,34000
many_moving,136,20,77.86764705882354,15.493942841759656,34000
many_moving,137,20,78.15328467153284,15.565671857103245,34000
many_moving,138,20,78.43478260869566,15.635769932715657,34000
many_moving,139,20,78.73381294964028,15.743529794342162,34000
many_moving,140,20,78.98571428571428,15.772129104053747,34000
many_moving,141,20,79.31914893617021,15.824590602083623,34000
many_moving,142,20,79.52112676056338,15.885788730833795,34000
many_moving,143,20,79.74125874125875,15.965060604695793,34000
many_moving,144,20,80.12500000000001,16.02464023394314,34000
many_moving,145,20,80.87586206896552,16.11124029903933,34000
many_moving,146,20,81.59589041095892,16.27738182587252,34000
many_moving,147,20,82.42857142857142,16.425104094204947,34000
many_moving,148,20,83.25,16.500069417452544,34000
many_moving,149,20,84,16.62142431662752,34000
many_moving,150,20,84.8,16.63904224659084,34000
many_moving,151,20,85.31125827814569,16.727853340188318,34000
many_moving,152,20,85.89473684210526,16.75477811513489,34000
many_moving,153,20,86.58823529411765,16.75520499708735,34000
many_moving,154,20,87.4090909090909,16.81478316742409,34000
many_moving,155,20,88.23870967741935,16.791634438043282,34000
many_moving,156,20,89.03846153846153,16.763844589252653,34000
many_moving,157,20,89.61783439490446,16.839727372053225,34000
many_moving,158,20,90.0379746835443,16.904675574940416,34000
many_moving,159,20,90.18867924528303,16.987709891869553,34000
many_moving,160,20,90.20625000000001,17.08956480222232,34000
many_moving,161,20,90.27950310559007,17.10660630972945,34000
many_moving,162,20,90.4074074074074,17.23963280705123,34000
many_moving,163,20,90.66257668711657,17.315810284489213,34000
many_moving,164,20,90.84146341463415,17.449472817065637,34000
many_moving,165,20,91.07272727272726,17.544085652100414,34000
many_moving,166,20,91.46385542168676,17.578059091767123,34000
many_moving,167,20,91.90419161676647,17.630849601721653,34000
many_moving,168,20,92.23214285714286,17.662925391496767,34000
many_moving,169,20,92.46745562130177,17.623649025828076,34000
many_moving,170,20,92.78823529411764,17.6355644464961,34000
many_moving,171,20,92.78947368421052,17.69730795183995,34000
many_moving,172,20,92.70348837209302,17.74094655122686,34000
many_moving,173,20,92.58381502890172,17.758472756090242,34000
many_moving,174,20,92.43103448275863,17.84550729575647,34000
many_moving,175,20,92.28,17.879535541482962,34000
many_moving,176,20,92.13068181818183,17.907089778796927,34000
many_moving,177,20,91.98305084745763,17.908667642109894,34000
many_moving,178,20,91.85393258426966,17.89079050690857,34000
many_moving,179,20,91.75977653631284,17.93289597382046,34000
many_moving,180,20,91.64999999999999,17.93114236061529,34000
many_moving,181,20,91.30939226519337,17.970055704934552,34000
many_moving,182,20,90.90659340659342,17.948052395484194,34000
many_moving,183,20,90.54098360655738,17.945992675643488,34000
many_moving,184,20,90.42391304347827,17.944420653350214,34000
many_moving,185,20,90.42162162162163,17.947219512937725,34000
many_moving,186,20,90.54838709677419,17.933446761008884,34000
many_moving,187,20,90.62566844919786,17.979823422802497,34000
many_moving,188,20,90.75000000000001,17.99134960346766,34000
many_moving,189,20,90.82539682539684,17.997081252624874,34000
many_moving,190,20,90.71052631578948,17.99857094873595,34000
many_moving,191,20,90.4869109947644,17.988225053716196,34000
many_moving,192,20,90.14062499999999,17.978023270809025,34000
many_moving,193,20,89.75129533678756,17.993297692646838,34000
many_moving,194,20,89.39690721649485,17.98272499627084,34000
many_moving,195,20,89.06153846153846,17.960337293238197,34000
many_moving,196,20,88.71428571428572,17.953924407524408,34000
many_moving,197,20,88.37055837563452,17.915460426969325,34000
many_moving,198,20,88.07575757575758,17.889612136332833,34000
many_moving,199,20,87.79899497487436,17.871801983204456,34000
many_moving,200,20,87.6,17.864920445620655,34000
many_moving,201,20,87.4179104477612,17.835934776643278,34000
many_moving,202,20,87.20792079207921,17.84063712751684,34000
many_moving,203,20,87.01477832512315,17.831839666040366,34000
many_moving,204,20,86.83823529411765,17.813701952141148,34000
many_moving,205,20,86.5609756097561,17.842064373889876,34000
many_moving,206,20,86.25728155339806,17.84120479875751,34000
many_moving,207,20,85.8695652173913,17.842423436400445,34000
many_moving,208,20,85.47115384615384,17.84454333779191,34000
many_moving,209,20,85.07655502392345,17.84686876017761,34000
many_moving,210,20,84.71428571428571,17.858820133799433,34000
many_moving,211,20,84.39810426540285,17.826526070813568,34000
many_moving,212,20,84.09905660377358,17.80206588547454,34000
many_moving,213,20,83.83098591549297,17.857977081232484,34000
many_moving,214,20,83.64953271028037,17.89489396921136,34000
many_moving,215,20,83.49767441860465,17.876930093206205,34000
many_moving,216,20,83.31944444444444,17.85719424147892,34000
many_moving,217,20,83.25345622119816,17.83986893235862,34000
many_moving,218,20,83.20183486238533,17.89999915310195,34000
many_moving,219,20,83.09589041095892,17.863294052023967,34000
many_moving,220,20,82.95,17.89938168805579,34000
many_moving,221,20,82.75113122171946,17.9092234263538,34000
many_moving,222,20,82.51351351351352,17.877784954613222,34000
many_moving,223,20,82.27802690582959,17.88036507679048,34000
many_moving,224,20,81.93749999999999,17.909943302410095,34000
many_moving,225,20,81.61333333333333,17.896958811581882,34000
many_moving,226,20,81.46460176991151,17.917188734946507,34000
many_moving,227,20,81.34361233480176,17.923005464152006,34000
many_moving,228,20,81.23684210526316,17.93084922825735,34000
many_moving,229,20,81.14410480349345,17.921977261985223,34000
many_moving,230,20,81.05217391304348,17.89378056393142,34000
many_moving,231,20,80.96103896103895,17.911809742000745,34000
many_moving,232,20,80.8448275862069,17.920655586979986,34000
many_moving,233,20,80.53648068669528,17.91463697161455,34000
many_moving,234,20,80.24358974358974,17.934052084969913,34000
many_moving,235,20,79.9404255319149,17.913106416294493,34000
many_moving,236,20,79.63983050847457,17.905739921397917,34000
many_moving,237,20,79.30379746835443,17.89916702810003,34000
many_moving,238,20,79.00840336134453,17.879523963851998,34000
many_moving,239,20,78.67782426778243,17.88114551079294,34000
many_moving,240,20,78.3875,17.90156352517578,34000
many_moving,241,20,78.0746887966805,17.908084774492036,34000
many_moving,242,20,77.75206611570249,17.90892790487131,34000
many_moving,243,20,77.4320987654321,17.9091595741482,34000
many_moving,244,20,77.12704918032787,17.909112184914726,34000
many_moving,245,20,76.88571428571429,17.927376064054346,34000
many_moving,246,20,76.64634146341464,17.902594653651754,34000
many_moving,247,20,76.43319838056681,17.875905042148002,34000
many_moving,248,20,76.20967741935483,17.88150308406623,34000
many_moving,249,20,76.01204819277108,17.892174831835867,34000
many_moving,250,20,75.804,17.936729949982244,34000
many_moving,251,20,75.58565737051792,17.91497407826275,34000
many_moving,252,20,75.28571428571428,17.90833162894364,34000
many_moving,253,20,75.0711462450593,17.91882116205516,34000
many_moving,254,20,74.91732283464566,17.895390189891256,34000
many_moving,255,20,74.84705882352942,17.95574120635061,34000
many_moving,256,20,74.8359375,17.99455308697582,34000
many_moving,257,20,74.83657587548639,17.95598014623658,34000
many_moving,258,20,74.82558139534883,17.931172632189714,34000
many_moving,259,20,74.81467181467181,17.936124201175062,34000
many_moving,260,20,74.76923076923077,17.936487749360488,34000
many_moving,261,20,74.63218390804597,17.932756878529744,34000
many_moving,262,20,74.51908396946565,17.939232482578582,34000
many_moving,263,20,74.32699619771863,17.943135076756157,34000
many_moving,264,20,74.07954545454544,17.957570479229,34000
many_moving,265,20,73.83396226415094,17.95448739052985,34000
many_moving,266,20,73.61278195488723,17.94843019825216,34000
many_moving,267,20,73.37078651685393,17.952468928911166,34000
many_moving,268,20,73.16417910447761,17.938636179507363,34000
many_moving,269,20,72.92565055762081,17.94915829951425,34000
many_moving,270,20,72.80000000000001,17.959053152187387,34000
many_moving,271,20,72.64206642066421,17.951360915417368,34000
many_moving,272,20,72.49632352941177,17.940019464721008,34000
many_moving,273,20,72.31868131868133,17.92868825819552,34000
many_moving,274,20,72.1970802919708,17.915917990974652,34000
many_moving,275,20,72.08727272727273,17.972804747841828,34000
many_moving,276,20,71.97826086956523,17.952790994800687,34000
many_moving,277,20,71.81588447653431,17.96212910103937,34000
many_moving,278,20,71.64388489208632,17.9484836569958,34000
many_moving,279,20,71.47311827956989,17.953811319312177,34000
many_moving,280,20,71.31428571428572,17.94170417036195,34000
many_moving,281,20,71.10320284697508,17.93974030749269,34000
many_moving,282,20,70.85106382978724,17.931413092658584,34000
many_moving,283,20,70.63250883392226,17.91234618900161,34000
many_moving,284,20,70.38380281690141,17.89371347805917,34000
many_moving,285,20,70.14736842105263,17.88438510357026,34000
many_moving,286,20,69.96503496503496,17.8976744687625,34000
many_moving,287,20,69.77351916376307,17.889626759739908,34000
many_moving,288,20,69.58333333333334,17.891493929279278,34000
many_moving,289,20,69.44636678200692,17.879899892001557,34000
many_moving,290,20,69.3103448275862,17.8813507681405,34000
many_moving,291,20,69.17525773195877,17.888559635504837,34000
many_moving,292,20,69.04109589041096,17.885379739213555,34000
many_moving,293,20,68.85665529010238,17.88645172831203,34000
many_moving,294,20,68.67346938775509,17.88575402598801,34000
many_moving,295,20,68.51186440677967,17.895036298977153,34000
many_moving,296,20,68.3108108108108,17.895714767276772,34000
many_moving,297,20,68.08080808080808,17.90091104715109,34000
many_moving,298,20,67.87248322147651,17.918448394772604,34000
many_moving,299,20,67.64548494983278,17.947650241056166,34000
many_moving,300,20,67.42999999999999,17.96167574991042,34000
many_moving,0,35,0,19.7140223953792,
many_moving,1,35,354.8571428571429,19.669117737559784,
many_moving,2,35,471.4285714285714,19.634211275680304,
many_moving,3,35,509.1428571428571,19.595814014338185,
many_moving,4,35,527.1428571428572,19.55184292333798,
many_moving,5,35,537.9428571428572,19.521112259441296,
many_moving,6,35,542.5714285714286,19.4666629628187,
many_moving,7,35,546.1224489795918,19.507581846681827,
many_moving,8,35,500.35714285714283,19.415711613341404,
many_moving,9,35,444.76190476190476,19.470819728614423,
many_moving,10,35,400.2857142857143,19.40036796608259,
many_moving,11,35,363.8961038961039,19.41918034936448,
many_moving,12,35,333.5714285714285,19.369217989165996,
many_moving,13,35,307.9120879120879,19.398936551222057,
many_moving,14,35,285.91836734693874,19.340163333195367,
many_moving,15,35,266.85714285714283,19.33870163013241,
many_moving,16,35,250.17857142857142,19.238499700631902,
many_moving,17,35,235.46218487394955,19.242876925949076,
many_moving,18,35,222.38095238095238,19.132002541746573,
many_moving,19,35,210.6766917293233,19.159659819611317,
many_moving,20,35,200.14285714285714,19.044136923832355,
many_moving,21,35,190.93877551020407,19.10129895423308,
many_moving,22,35,184.67532467532467,18.996913081765108,
many_moving,23,35,176.64596273291923,19.006679341403892,
many_moving,24,35,169.28571428571425,18.970317807047618,
many_moving,25,35,162.5142857142857,18.989163728805412,
many_moving,26,35,156.26373626373623,18.952578454704273,
many_moving,27,35,150.47619047619045,18.981274867682316,
many_moving,28,35,146.20408163265304,18.96585886720536,
many_moving,29,35,149.79310344827587,18.961087340455396,
many_moving,30,35,155.14285714285714,18.91747667300852,
many_moving,31,35,160.3133640552995,18.995325004207384,
many_moving,32,35,165.21428571428572,18.92956417719578,
many_moving,33,35,169.7142857142857,18.919701543977133,
many_moving,34,35,174.05042016806723,18.91816499622151,34000
many_moving,35,35,177.35510204081632,18.892636034391817,34000
many_moving,36,35,175.0952380952381,18.882806945169524,34000
many_moving,37,35,171.24324324324323,18.884485468533484,34000
many_moving,38,35,166.73684210526315,18.88953909602506,34000
many_moving,39,35,162.46153846153845,18.879661030500625,34000
many_moving,40,35,158.4,18.87889912979241,34000
many_moving,41,35,154.53658536585365,18.863184075964842,34000
many_moving,42,35,150.85714285714286,18.861357579538417,34000
many_moving,43,35,147.94684385382058,18.864530422528425,34000
many_moving,44,35,145.71428571428572,18.84358617838304,34000
many_moving,45,35,143.65714285714287,18.86440598447801,34000
many_moving,46,35,141.54037267080744,18.815983783094527,34000
many_moving,47,35,139.58662613981764,18.835355731389296,34000
many_moving,48,35,137.71428571428572,18.785590956250147,34000
many_moving,49,35,136.12827988338194,18.855898487117326,34000
many_moving,50,35,134.22857142857143,18.782676647449755,34000
many_moving,51,35,131.6638655462185,18.814113823894655,34000
many_moving,52,35,129.5934065934066,18.794203084824034,34000
many_moving,53,35,127.14824797843667,18.831454986875773,34000
many_moving,54,35,124.7936507936508,18.787041115096997,34000
many_moving,55,35,122.52467532467533,18.833715102980314,34000
many_moving,56,35,120.97959183673468,18.789924425618125,34000
many_moving,57,35,121.56390977443608,18.899520495883593,34000
many_moving,58,35,122.45320197044335,18.880019764166644,34000
many_moving,59,35,123.71912832929783,18.870700502006905,34000
many_moving,60,35,124.8,18.866291842091883,34000
many_moving,61,35,125.84543325526933,18.869060365059735,34000
many_moving,62,35,126.96774193548384,18.86851750786114,34000
many_moving,63,35,127.53741496598639,18.923278882786217,34000
many_moving,64,35,126.88392857142858,18.918348615369823,34000
many_moving,65,35,125.5120879120879,18.9551544776067,34000
many_moving,66,35,123.87012987012987,18.9399801960984,34000
many_moving,67,35,122.25159914712152,18.997562783551853,34000
many_moving,68,35,120.45378151260503,18.94179757776541,34000
many_moving,69,35,118.7080745341615,18.999420666802738,34000
many_moving,70,35,117.01224489795916,18.951836704129683,34000
many_moving,71,35,116.37826961770624,19.000409173723387,34000
many_moving,72,35,116.50000000000001,18.985723005516636,34000
many_moving,73,35,116.7123287671233,18.983184093862082,34000
many_moving,74,35,117.05791505791505,19.011952195545557,34000
many_moving,75,35,117.4857142857143,18.995110661641796,34000
many_moving,76,35,117.76691729323309,19.021627906768536,34000
many_moving,77,35,118.152133580705,19.04472686961863,34000
many_moving,78,35,117.6923076923077,19.01801259265307,34000
many_moving,79,35,116.74502712477397,19.002428592518577,34000
many_moving,80,35,115.56428571428572,19.020403881689578,34000
many_moving,81,35,114.15873015873017,19.010776574115386,34000
many_moving,82,35,112.89198606271776,19.031828907598605,34000
many_moving,83,35,111.75903614457832,19.045863559008588,34000
many_moving,84,35,111.51020408163266,19.08886515252542,34000
many_moving,85,35,111.63025210084032,19.0907727199922,34000
many_moving,86,35,111.84717607973423,19.05825132637252,34000
many_moving,87,35,112.09852216748769,19.07111605600864,34000
many_moving,88,35,112.5779220779221,19.0397468795546,34000
many_moving,89,35,113.2776886035313,19.089843220603992,34000
many_moving,90,35,113.79047619047618,19.022597674178048,34000
many_moving,91,35,113.68916797488225,19.056285535964225,34000
many_moving,92,35,113.42236024844719,19.012482832106212,34000
many_moving,93,35,112.8110599078341,19.028097888782114,34000
many_moving,94,35,112.13981762917933,18.986202298511103,34000
many_moving,95,35,111.30225563909775,19.031305437476306,34000
many_moving,96,35,110.14285714285714,19.001896065650065,34000
many_moving,97,35,109.13107511045655,19.04076041163347,34000
many_moving,98,35,108.15743440233236,18.974276696188483,34000
many_moving,99,35,107.72294372294373,19.004872619452872,34000
many_moving,100,35,107.82857142857142,18.957744845543342,34000
many_moving,101,35,108.28854314002828,18.998316770371066,34000
many_moving,102,35,108.9747899159664,18.957162835232396,34000
many_moving,103,35,109.69764216366158,18.967864978189194,34000
many_moving,104,35,110.45604395604396,18.97492856119541,34000
many_moving,105,35,111.16734693877551,18.915149052414016,34000
many_moving,106,35,111.266846361186,18.941130626719772,34000
many_moving,107,35,111.1882510013351,18.90809771021583,34000
many_moving,108,35,110.66666666666666,18.90540740254756,34000
many_moving,109,35,109.90301441677587,18.871828202104247,34000
many_moving,110,35,109.05974025974027,18.859675571536812,34000
many_moving,111,35,108.07722007722008,18.824913823429828,34000
many_moving,112,35,107.26530612244898,18.83227251743517,34000
many_moving,113,35,106.6346396965866,18.811658508849693,34000
many_moving,114,35,106.45112781954889,18.754590183538905,34000
many_moving,115,35,106.33043478260869,18.78531817480964,34000
many_moving,116,35,106.68472906403942,18.796132306409163,34000
many_moving,117,35,107.15018315018315,18.758479301324932,34000
many_moving,118,35,107.91283292978208,18.767741375352497,34000
many_moving,119,35,108.61944777911164,18.754689620167852,34000
many_moving,120,35,109.27142857142857,18.745118913967065,34000
many_moving,121,35,110.22432113341205,18.722087669011035,34000
many_moving,122,35,111.04918032786887,18.664448386347715,34000
many_moving,123,35,111.5679442508711,18.65246651056362,34000
many_moving,124,35,112.27188940092165,18.64698548456245,34000
many_moving,125,35,112.82742857142856,18.53366180368434,34000
many_moving,126,35,113.29251700680271,18.519935235304168,34000
many_moving,127,35,113.68278965129359,18.44201508083508,34000
many_moving,128,35,114.16071428571429,18.45007185961684,34000
many_moving,129,35,114.7375415282392,18.382626309166096,34000
many_moving,130,35,115.2,18.349829260838362,34000
many_moving,131,35,115.77317339149401,18.22483678507204,34000
many_moving,132,35,116.28571428571428,18.259367230767776,34000
many_moving,133,35,116.84210526315789,18.169321066423475,34000
many_moving,134,35,117.40298507462686,18.188738426845124,34000
many_moving,135,35,117.76507936507937,18.116640343237307,34000
many_moving,136,35,117.97058823529412,18.164828013174013,34000
many_moving,137,35,118.27320125130346,18.1105236767505,34000
many_moving,138,35,118.4223602484472,18.19612373749154,34000
many_moving,139,35,118.63103802672147,18.14279504594105,34000
many_moving,140,35,119.00816326530612,18.26825031401546,34000
many_moving,141,35,119.63525835866263,18.302800591402356,34000
many_moving,142,35,120.43460764587525,18.29159594490383,34000
many_moving,143,35,121.12687312687314,18.283563185323004,34000
many_moving,144,35,121.96428571428572,18.275967013841182,34000
many_moving,145,35,122.920197044335,18.294551083952683,34000
many_moving,146,35,123.95694716242663,18.31779333371867,34000
many_moving,147,35,124.85131195335276,18.338793509967065,34000
many_moving,148,35,125.35135135135134,18.338862888572045,34000
many_moving,149,35,125.71812080536913,18.339870576429973,34000
many_moving,150,35,126.10285714285715,18.351615374804755,34000
many_moving,151,35,126.47114474929045,18.333876739963582,34000
many_moving,152,35,126.82330827067669,18.285312172019065,34000
many_moving,153,35,127.37254901960786,18.220916187438487,34000
many_moving,154,35,127.87012987012986,18.146527332254955,34000
many_moving,155,35,128.40552995391704,18.194904474967124,34000
many_moving,156,35,129.06593406593404,18.16958630838894,34000
many_moving,157,35,129.7943585077343,18.13750593990242,34000
many_moving,158,35,130.55696202531647,18.172311360909408,34000
many_moving,159,35,131.32075471698113,18.059301154140744,34000
many_moving,160,35,132.0214285714286,18.064127515557093,34000
many_moving,161,35,132.7133984028394,18.05899009769464,34000
many_moving,162,35,133.36507936507937,18.06351398487853,34000
many_moving,163,35,134.18755477651183,18.06162215237049,34000
many_moving,164,35,134.98954703832754,18.037800608924275,34000
many_moving,165,35,135.65714285714287,18.05778375422538,34000
many_moving,166,35,136.2857142857143,18.05226146647282,34000
many_moving,167,35,136.85543199315654,18.072675302241283,34000
many_moving,168,35,137.3673469387755,18.085424038193516,34000
many_moving,169,35,137.7616229923922,18.174178378573114,34000
many_moving,170,35,138.09075630252102,18.103902990684613,34000
many_moving,171,35,138.35588972431077,18.13434166988829,34000
many_moving,172,35,138.7375415282392,18.133040093010468,34000
many_moving,173,35,139.28323699421966,18.137960118219475,34000
many_moving,174,35,139.9408866995074,18.13174875872457,34000
many_moving,175,35,140.48326530612246,18.186773577767525,34000
many_moving,176,35,141.03896103896105,18.16938876229624,34000
many_moving,177,35,141.71428571428572,18.171985597384335,34000
many_moving,178,35,142.25682182985554,18.15835673119471,34000
many_moving,179,35,142.52513966480447,18.134050200197585,34000
many_moving,180,35,142.94285714285715,18.17820443248695,34000
many_moving,181,35,143.2707182320442,18.140529131383477,34000
many_moving,182,35,143.63265306122452,18.14219805456123,34000
many_moving,183,35,143.75644028103045,18.19984517390062,34000
many_moving,184,35,143.75776397515526,18.173518695669323,34000
many_moving,185,35,143.8980694980695,18.179911754107582,34000
many_moving,186,35,144.0921658986175,18.15711432203804,34000
many_moving,187,35,144.44919786096256,18.146091345944438,34000
many_moving,188,35,144.8115501519757,18.148153945896674,34000
many_moving,189,35,145.16099773242632,18.182521647114395,34000
many_moving,190,35,145.5157894736842,18.151889824031347,34000
many_moving,191,35,145.67838444278235,18.160404722578686,34000
many_moving,192,35,145.78571428571428,18.069843550593998,34000
many_moving,193,35,145.6698741672835,18.120672833354636,34000
many_moving,194,35,145.32547864506628,18.0745845001762,34000
many_moving,195,35,144.7824175824176,18.09455199877139,34000
many_moving,196,35,144.30612244897958,18.070678333864308,34000
many_moving,197,35,144.02610587382162,18.082933401467105,34000
many_moving,198,35,143.8787878787879,18.123143384531204,34000
many_moving,199,35,143.84493898061737,18.17918450968261,34000
many_moving,200,35,144.06,18.218285497293856,34000
many_moving,201,35,144.31556503198294,18.296197265263775,34000
many_moving,202,35,144.5007072135785,18.30166147173168,34000
many_moving,203,35,144.69247009148486,18.36971003088238,34000
many_moving,204,35,144.7310924369748,18.371101599808675,34000
many_moving,205,35,144.69407665505227,18.369956130210184,34000
many_moving,206,35,144.51595006934815,18.368760411025878,34000
many_moving,207,35,144.29813664596273,18.381940694519148,34000
many_moving,208,35,143.93406593406593,18.421132456272346,34000
many_moving,209,35,143.54066985645932,18.37419382943808,34000
many_moving,210,35,143.10204081632654,18.40127925220539,34000
many_moving,211,35,142.52945159106298,18.375739895388335,34000
many_moving,212,35,141.9299191374663,18.422289686471522,34000
many_moving,213,35,141.32796780684106,18.395472921446377,34000
many_moving,214,35,140.81975967957277,18.417220099140916,34000
many_moving,215,35,140.40398671096344,18.45597220925311,34000
many_moving,216,35,140.07936507936506,18.442335143491558,34000
many_moving,217,35,139.8130348913759,18.473759876655468,34000
many_moving,218,35,139.5491480996068,18.455517235464548,34000
many_moving,219,35,139.22504892367905,18.504176664973006,34000
many_moving,220,35,138.9038961038961,18.482615042399534,34000
many_moving,221,35,138.50032320620556,18.50937554218084,34000
many_moving,222,35,138.07722007722006,18.505479671454275,34000
many_moving,223,35,137.58103779628442,18.531424842048068,34000
many_moving,224,35,137.0969387755102,18.520366968131423,34000
many_moving,225,35,136.6704761904762,18.56120971721747,34000
many_moving,226,35,136.34639696586598,18.534013529400685,34000
many_moving,227,35,136.00251730648205,18.57855154949382,34000
many_moving,228,35,135.65413533834587,18.565400735554913,34000
many_moving,229,35,135.36868371802868,18.605800222222967,34000
many_moving,230,35,135.05590062111798,18.607803801764863,34000
many_moving,231,35,134.74582560296847,18.66119010718415,34000
many_moving,232,35,134.48275862068965,18.572903919293186,34000
many_moving,233,35,134.18516247700796,18.65919530361193,34000
many_moving,234,35,133.86080586080587,18.62619960597341,34000
many_moving,235,35,133.55379939209726,18.676857850642726,34000
many_moving,236,35,133.18401937046008,18.657779693317462,34000
many_moving,237,35,132.84629294755877,18.65852973677854,34000
many_moving,238,35,132.4609843937575,18.679431550946738,34000
many_moving,239,35,131.9497907949791,18.67051865541976,34000
many_moving,240,35,131.47142857142856,18.690919906149198,34000
many_moving,241,35,131.03971547125076,18.725675696479797,34000
many_moving,242,35,130.65407319952774,18.712705149403863,34000
many_moving,243,35,130.38447971781304,18.768008880473857,34000
many_moving,244,35,130.29976580796253,18.745050084073952,34000
many_moving,245,35,130.32769679300293,18.772680932391353,34000
many_moving,246,35,130.35540069686414,18.74306478467474,34000
many_moving,247,35,130.4245228455755,18.799951097819505,34000
many_moving,248,35,130.4447004608295,18.777845278382088,34000
many_moving,249,35,130.38898450946644,18.787706545449876,34000
many_moving,250,35,130.24457142857142,18.75803626402824,34000
many_moving,251,35,129.90324416619237,18.77646995097571,34000
many_moving,252,35,129.50340136054422,18.785261509535815,34000
many_moving,253,35,129.1880293619424,18.82602330813752,34000
many_moving,254,35,129.01012373453318,18.845577753042523,34000
many_moving,255,35,128.85378151260502,18.88521982246374,34000
many_moving,256,35,128.86607142857142,18.82626156714964,34000
many_moving,257,35,128.95831017231797,18.84668840223604,34000
many_moving,258,35,129.08970099667775,18.84436641382428,34000
many_moving,259,35,129.19360176503034,18.889693833381738,34000
many_moving,260,35,129.23076923076923,18.884941439714122,34000
many_moving,261,35,129.1034482758621,18.882401055789053,34000
many_moving,262,35,128.93129770992368,18.908845228401308,34000
many_moving,263,35,128.61705594785442,18.89086055889978,34000
many_moving,264,35,128.2207792207792,18.898487654204875,34000
many_moving,265,35,127.80808625336925,18.89880956793271,34000
many_moving,266,35,127.40494092373791,18.938501535393122,34000
many_moving,267,35,126.97271268057786,18.91052388797621,34000
many_moving,268,35,126.56289978678038,18.926698880210168,34000
many_moving,269,35,126.20711630377058,18.89966001643103,34000
many_moving,270,35,125.94920634920635,18.90761582609479,34000
many_moving,271,35,125.8576700052715,18.84978145757925,34000
many_moving,272,35,125.82983193277312,18.8645738986977,34000
many_moving,273,35,125.95290423861853,18.880783773812666,34000
many_moving,274,35,126.03753910323253,18.89789444804755,34000
many_moving,275,35,126.14649350649351,18.87942605223814,34000
many_moving,276,35,126.13664596273293,18.874118889533946,34000
many_moving,277,35,126.17019082001032,18.838706527201573,34000
many_moving,278,35,126.03083247687564,18.827895655138914,34000
many_moving,279,35,125.81874039938555,18.842173815684564,34000
many_moving,280,35,125.52857142857141,18.856193971978183,34000
many_moving,281,35,125.27707168276562,18.859837566653805,34000
many_moving,282,35,125.07598784194529,18.844982927914913,34000
many_moving,283,35,124.88238263503281,18.808413192687812,34000
many_moving,284,35,124.82293762575452,18.90010228096732,34000
many_moving,285,35,124.79398496240601,18.8142517588059,34000
many_moving,286,35,124.74725274725274,18.887784371384132,34000
many_moving,287,35,124.67695370831261,18.8293261713586,34000
many_moving,288,35,124.61904761904762,18.889369770514143,34000
many_moving,289,35,124.51408798813644,18.855017188221364,34000
many_moving,290,35,124.4394088669951,18.89246592196035,34000
many_moving,291,35,124.15316642120766,18.854146552582346,34000
many_moving,292,35,123.88062622309198,18.909862559139132,34000
many_moving,293,35,123.59239395416867,18.873515780486823,34000
many_moving,294,35,123.3061224489796,18.92136572991349,34000
many_moving,295,35,122.98692493946731,18.896859247497733,34000
many_moving,296,35,122.76254826254825,18.932577380306398,34000
many_moving,297,35,122.55699855699855,18.894139995859927,34000
many_moving,298,35,122.37008628954938,18.913522145864835,34000
many_moving,299,35,122.21882465360726,18.898560402404478,34000
many_moving,300,35,122.10857142857142,18.898481888496285,34000
many_moving,0,50,0,18.307676746025276,
many_moving,1,50,406.8,18.27364607254636,
many_moving,2,50,564,18.233178795905562,
many_moving,3,50,615.6,18.18358643664969,
many_moving,4,50,640.2,18.158527984113395,
many_moving,5,50,656.1600000000001,18.097891416321207,
many_moving,6,50,666.2,18.030483768612097,
many_moving,7,50,673.3714285714286,17.996362443912545,
many_moving,8,50,619.2,17.94050218981995,
many_moving,9,50,550.4000000000001,17.835285762240414,
many_moving,10,50,495.36,17.821161136879358,
many_moving,11,50,450.32727272727277,17.74958146607651,
many_moving,12,50,412.8,17.765154466817776,
many_moving,13,50,381.04615384615386,17.829450968292004,
many_moving,14,50,353.8285714285714,17.869328999095796,
many_moving,15,50,330.24,17.784098152404525,
many_moving,16,50,309.6,17.812183870858007,
many_moving,17,50,291.38823529411764,17.739051765936548,
many_moving,18,50,275.20000000000005,17.7667200137645,
many_moving,19,50,260.71578947368425,17.69196782813244,
many_moving,20,50,247.68,17.725577810237,
many_moving,21,50,236.11428571428573,17.666765673805536,
many_moving,22,50,227.8909090909091,17.687272097249803,
many_moving,23,50,217.98260869565217,17.67057204359915,
many_moving,24,50,208.9,17.703885301345544,
many_moving,25,50,200.54399999999998,17.67628072716774,
many_moving,26,50,192.83076923076922,17.706892999047582,
many_moving,27,50,185.6888888888889,17.667045344290514,
many_moving,28,50,181.58571428571426,17.66506235079696,
many_moving,29,50,187.73793103448276,17.69819355749443,
many_moving,30,50,195.88,17.659368997994132,
many_moving,31,50,203.26451612903222,17.69284987545057,
many_moving,32,50,210.15,17.65853376425162,
many_moving,33,50,216.79999999999998,17.64583275509078,
many_moving,34,50,223.05882352941177,17.64834626782187,34000
many_moving,35,50,227.69142857142853,17.611721713130798,34000
many_moving,36,50,224.4666666666667,17.600132656236354,34000
many_moving,37,50,219.69729729729727,17.60676274617451,34000
many_moving,38,50,213.9157894736842,17.601640793866398,34000
many_moving,39,50,208.43076923076922,17.624841719314023,34000
many_moving,40,50,203.22,17.61011215256758,34000
many_moving,41,50,198.26341463414633,17.61455589407053,34000
many_moving,42,50,193.54285714285714,17.59570251146406,34000
many_moving,43,50,189.4046511627907,17.57732858712435,34000
many_moving,44,50,186.9,17.56399120271506,34000
many_moving,45,50,184.58666666666667,17.595617547047297,34000
many_moving,46,50,182.32173913043476,17.571926367223675,34000
many_moving,47,50,180.2808510638298,17.59160981981827,34000
many_moving,48,50,178.225,17.54759436666498,34000
many_moving,49,50,176.44897959183672,17.57263701382341,34000
many_moving,50,50,174.72,17.541663161686177,34000
many_moving,51,50,171.64705882352942,17.57894049386716,34000
many_moving,52,50,168.7153846153846,17.51970314914656,34000
many_moving,53,50,165.5320754716981,17.54524861769887,34000
many_moving,54,50,162.46666666666667,17.49812843676753,34000
many_moving,55,50,159.60000000000002,17.50625536005096,34000
many_moving,56,50,158.4,17.47289049848727,34000
many_moving,57,50,159.53684210526316,17.490337128226003,34000
many_moving,58,50,161.13103448275862,17.48867315106474,34000
many_moving,59,50,163.4237288135593,17.461399264599542,34000
many_moving,60,50,165.8,17.455887918045324,34000
many_moving,61,50,168.1377049180328,17.47927559133479,34000
many_moving,62,50,170.32258064516128,17.457609714517183,34000
many_moving,63,50,171.4857142857143,17.469488753724928,34000
many_moving,64,50,170.45624999999998,17.4274807246614,34000
many_moving,65,50,168.88615384615386,17.46075685188744,34000
many_moving,66,50,166.54545454545453,17.452087941162063,34000
many_moving,67,50,164.3641791044776,17.492877050374737,34000
many_moving,68,50,162.07058823529414,17.456277121478013,34000
many_moving,69,50,159.7217391304348,17.487996631267478,34000
many_moving,70,50,157.73142857142858,17.49435050538895,34000
many_moving,71,50,156.87887323943661,17.480563496530873,34000
many_moving,72,50,156.9,17.47597017946785,34000
many_moving,73,50,156.83835616438358,17.496448319877146,34000
many_moving,74,50,156.94054054054052,17.488251288835976,34000
many_moving,75,50,157.10399999999998,17.51000514775349,34000
many_moving,76,50,157.23157894736843,17.494874841171505,34000
many_moving,77,50,157.38701298701298,17.481420734879535,34000
many_moving,78,50,156.56923076923076,17.49778915856534,34000
many_moving,79,50,155.05822784810127,17.46993203626017,34000
many_moving,80,50,153.43500000000003,17.505646285420525,34000
many_moving,81,50,151.6,17.464851124908442,34000
many_moving,82,50,149.85365853658536,17.518713778264544,34000
many_moving,83,50,148.19277108433735,17.464709303052896,34000
many_moving,84,50,147.3,17.46206380264632,34000
many_moving,85,50,147.10588235294117,17.481334714182363,34000
many_moving,86,50,147.47441860465116,17.432784345281103,34000
many_moving,87,50,148.2344827586207,17.421668571338255,34000
many_moving,88,50,148.85454545454547,17.44116460694392,34000
many_moving,89,50,149.60898876404494,17.450978085166284,34000
many_moving,90,50,150.14666666666668,17.443611305109744,34000
many_moving,91,50,150.09230769230768,17.436082807651452,34000
many_moving,92,50,149.5695652173913,17.440913370503022,34000
many_moving,93,50,148.4774193548387,17.39518959081448,34000
many_moving,94,50,147.03829787234042,17.408744916443595,34000
many_moving,95,50,145.57894736842107,17.375790597721966,34000
many_moving,96,50,144.075,17.393935466935556,34000
many_moving,97,50,142.63917525773195,17.35642926172677,34000
many_moving,98,50,141.67346938775512,17.40546686150617,34000
many_moving,99,50,141.7939393939394,17.407832065345048,34000
many_moving,100,50,142.116,17.410759600667888,34000
many_moving,101,50,142.65742574257425,17.387454591287373,34000
many_moving,102,50,143.2,17.43587212940385,34000
many_moving,103,50,143.77864077669904,17.378468955339304,34000
many_moving,104,50,144.47307692307692,17.43240368321474,34000
many_moving,105,50,144.69714285714286,17.396207062070214,34000
many_moving,106,50,143.86415094339623,17.38716943302121,34000
many_moving,107,50,142.94579439252334,17.39357605158034,34000
many_moving,108,50,141.83333333333334,17.364883388774942,34000
many_moving,109,50,140.69724770642202,17.389187086041705,34000
many_moving,110,50,139.57090909090908,17.383561466932004,34000
many_moving,111,50,138.47567567567566,17.405082307727366,34000
many_moving,112,50,137.73214285714286,17.383573390261233,34000
many_moving,113,50,137.07610619469028,17.424212060117352,34000
many_moving,114,50,136.86315789473687,17.37915305231423,34000
many_moving,115,50,137.0086956521739,17.43095372699772,34000
many_moving,116,50,137.348275862069,17.37922811888402,34000
many_moving,117,50,137.62051282051283,17.39467317559048,34000
many_moving,118,50,137.80677966101695,17.39074627214412,34000
many_moving,119,50,137.9495798319328,17.387014297761226,34000
many_moving,120,50,137.83,17.390093483832167,34000
many_moving,121,50,138.20826446280992,17.382191884705612,34000
many_moving,122,50,138.45245901639345,17.422389010737344,34000
many_moving,123,50,138.6048780487805,17.391187907647524,34000
many_moving,124,50,138.79354838709673,17.45528400742047,34000
many_moving,125,50,139.08479999999997,17.4590944150236,34000
many_moving,126,50,139.83809523809524,17.45969160021702,34000
many_moving,127,50,140.89133858267718,17.497166091632863,34000
many_moving,128,50,142.246875,17.473673734312637,34000
many_moving,129,50,143.75813953488372,17.469011309774874,34000
many_moving,130,50,145.21846153846155,17.482360001541203,34000
many_moving,131,50,146.80305343511452,17.547530626582457,34000
many_moving,132,50,148.29999999999998,17.562106939523918,34000
many_moving,133,50,149.66616541353383,17.65062792850181,34000
many_moving,134,50,150.9402985074627,17.653616912120587,34000
many_moving,135,50,151.85777777777778,17.713509390095446,34000
many_moving,136,50,152.60294117647058,17.71275029708952,34000
many_moving,137,50,153.4160583941606,17.759604116574067,34000
many_moving,138,50,154.14782608695654,17.757483139971445,34000
many_moving,139,50,154.6532374100719,17.81579988458647,34000
many_moving,140,50,154.92857142857142,17.808980801371543,34000
many_moving,141,50,155.18297872340426,17.83093103300872,34000
many_moving,142,50,155.2394366197183,17.85407155946463,34000
many_moving,143,50,155.4881118881119,17.88864493570322,34000
many_moving,144,50,156.1,17.931417307890378,34000
many_moving,145,50,156.95172413793105,17.911378858574157,34000
many_moving,146,50,157.97260273972603,17.899114202596103,34000
many_moving,147,50,159.26530612244898,17.978652955531437,34000
many_moving,148,50,160.6216216216216,17.971158401778233,34000
many_moving,149,50,161.88724832214763,17.868765447610667,34000
many_moving,150,50,163,18.004073116233894,34000
many_moving,151,50,163.86754966887418,17.87515338356581,34000
many_moving,152,50,164.60526315789474,17.891169542312966,34000
many_moving,153,50,165.23921568627452,17.920045587952966,34000
many_moving,154,50,166.0987012987013,17.87991443659397,34000
many_moving,155,50,167.0941935483871,17.835062576242706,34000
many_moving,156,50,168.09230769230768,17.86171402043873,34000
many_moving,157,50,169.02420382165604,17.84888311399777,34000
many_moving,158,50,169.75443037974682,17.902251208029586,34000
many_moving,159,50,170.38490566037737,17.928935391350148,34000
many_moving,160,50,170.82,17.98545112336451,34000
many_moving,161,50,171.13043478260872,17.96558935749782,34000
many_moving,162,50,171.45185185185184,18.056542047783633,34000
many_moving,163,50,171.85030674846627,18.024362528080232,34000
many_moving,164,50,172.36097560975608,18.101579763062936,34000
many_moving,165,50,172.76363636363638,18.13093690598037,34000
many_moving,166,50,173.08915662650602,18.219719034033293,34000
many_moving,167,50,173.43233532934133,18.23011443736743,34000
many_moving,168,50,173.77857142857144,18.29941638935142,34000
many_moving,169,50,174,18.346972076189324,34000
many_moving,170,50,174.07764705882354,18.336173003577116,34000
many_moving,171,50,174.03508771929825,18.4300333554031,34000
many_moving,172,50,174.11162790697674,18.431058649402022,34000
many_moving,173,50,174.30520231213873,18.46478973000321,34000
many_moving,174,50,174.53793103448277,18.567030658094495,34000
many_moving,175,50,174.6377142857143,18.581899766814256,34000
many_moving,176,50,174.76363636363638,18.631363163904584,34000
many_moving,177,50,174.97627118644064,18.655674226172668,34000
many_moving,178,50,175.1797752808989,18.697997669585927,34000
many_moving,179,50,175.32737430167595,18.75949846105349,34000
many_moving,180,50,175.51999999999998,18.74258273760624,34000
many_moving,181,50,175.74364640883977,18.77532083294159,34000
many_moving,182,50,176.0703296703297,18.764279964296104,34000
many_moving,183,50,176.1245901639344,18.766732714276547,34000
many_moving,184,50,176.02173913043475,18.772593691951325,34000
many_moving,185,50,175.9135135135135,18.767343013693996,34000
many_moving,186,50,176.00645161290322,18.841544730334206,34000
many_moving,187,50,176.04064171122994,18.798305192762722,34000
many_moving,188,50,176.03617021276597,18.824810510779052,34000
many_moving,189,50,176.0063492063492,18.810643260198887,34000
many_moving,190,50,175.90105263157895,18.837255207440847,34000
many_moving,191,50,175.7842931937173,18.82883097658609,34000
many_moving,192,50,175.52499999999998,18.871483502226543,34000
many_moving,193,50,175.1440414507772,18.82865834342635,34000
many_moving,194,50,174.91546391752576,18.8477356077783,34000
many_moving,195,50,174.88615384615383,18.884113440410086,34000
many_moving,196,50,174.92448979591836,18.86376129651893,34000
many_moving,197,50,174.86497461928934,18.92337475808689,34000
many_moving,198,50,174.95151515151517,18.912535246790043,34000
many_moving,199,50,174.9226130653266,18.933037733046095,34000
many_moving,200,50,174.78,18.91220399637667,34000
many_moving,201,50,174.50149253731345,19.211130625417198,34000
many_moving,202,50,174.18415841584158,19.184598569619528,34000
many_moving,203,50,173.82857142857142,19.162177930806834,34000
many_moving,204,50,173.29411764705884,19.136497184461565,34000
many_moving,205,50,172.74146341463415,19.138607018303386,34000
many_moving,206,50,172.25825242718446,19.160254595054436,34000
many_moving,207,50,171.73333333333332,19.138334840408973,34000
many_moving,208,50,171.225,19.12729046483625,34000
many_moving,209,50,170.7444976076555,19.088079262970687,34000
many_moving,210,50,170.2057142857143,19.124494709967298,34000
many_moving,211,50,169.75734597156398,19.104852544462588,34000
many_moving,212,50,169.3132075471698,19.095106373741658,34000
many_moving,213,50,168.81126760563382,19.0696396689917,34000
many_moving,214,50,168.31401869158879,19.070277119408853,34000
many_moving,215,50,167.86046511627907,19.0469519061961,34000
many_moving,216,50,167.4611111111111,19.051538666449932,34000
many_moving,217,50,167.27557603686637,19.0172579253614,34000
many_moving,218,50,167.1192660550459,19.065704750363103,34000
many_moving,219,50,166.85479452054796,19.024511964093147,34000
many_moving,220,50,166.69090909090912,19.053566139307478,34000
many_moving,221,50,166.66425339366518,19.012571708498584,34000
many_moving,222,50,166.74594594594595,19.027221043735043,34000
many_moving,223,50,166.76233183856502,19.035831754490793,34000
many_moving,224,50,166.74107142857142,19.026753662171874,34000
many_moving,225,50,166.59733333333332,19.045106607191116,34000
many_moving,226,50,166.51858407079646,19.011711875170715,34000
many_moving,227,50,166.3718061674009,19.02412783373273,34000
many_moving,228,50,166.10526315789477,19.029747120150617,34000
many_moving,229,50,165.67336244541485,19.03290651045968,34000
many_moving,230,50,165.22434782608696,18.99285038992286,34000
many_moving,231,50,164.75324675324674,19.01200698623861,34000
many_moving,232,50,164.22931034482758,18.969848565283485,34000
many_moving,233,50,163.65836909871243,18.976118392259536,34000
many_moving,234,50,163.16923076923078,18.979807740493815,34000
many_moving,235,50,162.73021276595745,18.975045804900958,34000
many_moving,236,50,162.4169491525424,18.97739430935404,34000
many_moving,237,50,162.20253164556962,18.994127954274052,34000
many_moving,238,50,161.9394957983193,18.98139222781649,34000
many_moving,239,50,161.79916317991632,18.99700503052409,34000
many_moving,240,50,161.595,18.99925738106039,34000
many_moving,241,50,161.36265560165975,18.990228226981777,34000
many_moving,242,50,161.11735537190083,18.99911265635768,34000
many_moving,243,50,160.79012345679016,18.993590483217382,34000
many_moving,244,50,160.42131147540985,19.00212554469048,34000
many_moving,245,50,160.03591836734697,19.02074169692926,34000
many_moving,246,50,159.6878048780488,18.951989115896453,34000
many_moving,247,50,159.34736842105266,18.997893951593582,34000
many_moving,248,50,159.15,18.97401030435896,34000
many_moving,249,50,159.06024096385542,19.04555234255907,34000
many_moving,250,50,159.0528,18.94886603141471,34000
many_moving,251,50,159.09322709163345,19.066148335358342,34000
many_moving,252,50,159.14761904761903,18.951015691617073,34000
many_moving,253,50,159.13517786561263,19.04394031818583,34000
many_moving,254,50,159.08503937007876,18.914883548645896,34000
many_moving,255,50,158.92235294117646,19.033414639346567,34000
many_moving,256,50,158.653125,18.95621534385263,34000
many_moving,257,50,158.315953307393,19.04419877549671,34000
many_moving,258,50,157.87906976744188,18.994087805069967,34000
many_moving,259,50,157.44555984555984,19.021408864408134,34000
many_moving,260,50,157.0523076923077,18.965686378314107,34000
many_moving,261,50,156.74942528735633,19.03069978933438,34000
many_moving,262,50,156.4763358778626,18.98141716704796,34000
many_moving,263,50,156.25551330798476,19.00735290931387,34000
many_moving,264,50,156.0363636363636,18.98495238372611,34000
many_moving,265,50,155.89584905660377,19.019680169272043,34000
many_moving,266,50,155.80150375939849,19.00980562863801,34000
many_moving,267,50,155.70337078651684,19.048371599219312,34000
many_moving,268,50,155.48059701492537,18.969493956883696,34000
many_moving,269,50,155.24609665427508,19.074479952079606,34000
many_moving,270,50,155.0088888888889,18.965758249404285,34000
many_moving,271,50,154.760147601476,19.04181938235851,34000
many_moving,272,50,154.4029411764706,18.95410560812117,34000
many_moving,273,50,154.05714285714288,19.028040749042166,34000
many_moving,274,50,153.71824817518248,18.936690547585915,34000
many_moving,275,50,153.3949090909091,19.01515644858727,34000
many_moving,276,50,153.19565217391306,18.953492199853137,34000
many_moving,277,50,153.05848375451265,19.02101743287678,34000
many_moving,278,50,152.96546762589927,18.927063589706133,34000
many_moving,279,50,152.9032258064516,19.00927452440362,34000
many_moving,280,50,152.94,18.917984735665115,34000
many_moving,281,50,152.89110320284695,18.97340538478581,34000
many_moving,282,50,152.81702127659574,18.953903069106435,34000
many_moving,283,50,152.60777385159008,18.982524733075458,34000
many_moving,284,50,152.31971830985916,18.92958682815188,34000
many_moving,285,50,152.02526315789473,18.981183160392934,34000
many_moving,286,50,151.74125874125875,18.945071231043666,34000
many_moving,287,50,151.43414634146342,19.01679109059815,34000
many_moving,288,50,151.23333333333332,18.94189451526881,34000
many_moving,289,50,151.0339100346021,19.013844380963913,34000
many_moving,290,50,150.88137931034484,18.967142223352493,34000
many_moving,291,50,150.73814432989693,19.01481746157772,34000
many_moving,292,50,150.6328767123288,18.946554526997247,34000
many_moving,293,50,150.65938566552902,19.04519780484739,34000
many_moving,294,50,150.6122448979592,18.99000722552715,34000
many_moving,295,50,150.47186440677967,19.00853410473458,34000
many_moving,296,50,150.32837837837837,18.98333634623026,34000
many_moving,297,50,150.11717171717171,19.005121992791363,34000
many_moving,298,50,149.8469798657718,18.971104864948682,34000
many_moving,299,50,149.57458193979932,18.98688889624641,34000
many_moving,300,50,149.244,18.977662315515097,34000