Scenario,Policy,Seed,Time,TxTotal,TxPerNodePerMin,RMSE,RangeResidual_MAE,AngleResidual_MAE
none_moving,baseline,1043,0,0,,40.425794479498926,NaN,NaN
none_moving,baseline,1043,1,0,0,40.425794479498926,NaN,NaN
none_moving,baseline,1043,2,25,75,40.38572751466969,8.191190704382995,1.5380900285436525
none_moving,baseline,1043,3,32,64,40.137567793941464,6.815266637235885,1.230804331994189
none_moving,baseline,1043,4,58,87,39.94671502490567,6.112854068026466,1.3824191479285677
none_moving,baseline,1043,5,64,76.80000000000001,39.8379944565769,5.524968628767532,1.5215065222924802
none_moving,baseline,1043,6,90,90,39.73593978896029,5.116521341710021,1.7534206596167075
none_moving,baseline,1043,7,96,82.28571428571428,39.63612926343527,4.592301886460626,2.035686055858124
none_moving,baseline,1043,8,120,90,39.54817624190285,4.097644031483591,2.1049778205871066
none_moving,baseline,1043,9,127,84.66666666666667,39.424844920340846,3.8005289650670444,2.148203680946302
none_moving,baseline,1043,10,154,92.4,39.34151064154428,3.6391561809852626,2.179560893187274
none_moving,baseline,1043,11,161,87.81818181818183,39.344986778410316,3.4478877377719153,2.2882679311317875
none_moving,baseline,1043,12,186,93,39.357503334574936,3.2314433508165656,2.4134673587568045
none_moving,baseline,1043,13,192,88.61538461538461,39.4152052291304,3.115834737310195,2.4080504000937473
none_moving,baseline,1043,14,219,93.85714285714285,39.48010360802981,3.077082624970624,2.3826297803302636
none_moving,baseline,1043,15,226,90.4,39.47331176524536,3.3274443578978925,2.3941784327348925
none_moving,baseline,1043,16,253,94.875,39.520296011415965,3.537150205132048,2.3926995610630937
none_moving,baseline,1043,17,260,91.76470588235294,39.606665531995375,3.7061655563075813,2.387078242288786
none_moving,baseline,1043,18,287,95.66666666666667,39.70686152613199,3.8075000257817986,2.404399783146587
none_moving,baseline,1043,19,294,92.84210526315789,39.862086246825555,3.857469376432975,2.42489451515337
none_moving,baseline,1043,20,321,96.30000000000001,39.992176571078744,3.9260474659493574,2.436042262446606
none_moving,baseline,1043,21,328,93.71428571428571,40.081915705141896,4.017855177581864,2.4496377145766135
none_moving,baseline,1043,22,354,96.54545454545455,40.17985795923415,4.140276453759606,2.4517342550974526
none_moving,baseline,1043,23,360,93.91304347826086,40.26645364896156,4.01355942975905,2.4623584256270816
none_moving,baseline,1043,24,385,96.25,40.34907859008406,3.9897954285153316,2.449333080735492
none_moving,baseline,1043,25,392,94.08,40.46186140315477,4.080918262815493,2.4613173218450397
none_moving,baseline,1043,26,419,96.69230769230768,40.5671730039693,4.139665029973968,2.4845515164939536
none_moving,baseline,1043,27,426,94.66666666666667,40.661746088859736,4.095707231181029,2.4951766043863723
none_moving,baseline,1043,28,453,97.07142857142857,40.74072874970076,4.0577332659740275,2.495473123941037
none_moving,baseline,1043,29,460,95.17241379310344,40.83080146486338,4.0229849443602035,2.5033851230691266
none_moving,baseline,1043,30,485,97,40.90612755115323,4.041548112220577,2.493353905043796
none_moving,baseline,1043,31,495,95.80645161290322,40.956386366744276,4.080662884282908,2.511012625799199
none_moving,baseline,1043,32,522,97.875,41.011728058252224,4.113992471810015,2.5235724096501215
none_moving,baseline,1043,33,529,96.18181818181817,41.07960824291469,4.076506098190909,2.517216109274963
none_moving,baseline,1043,34,555,97.94117647058823,41.145066906824034,4.003165265851038,2.5286042488309235
none_moving,baseline,1043,35,562,96.34285714285714,41.2115099898769,4.010053427009905,2.4894745765995063
none_moving,baseline,1043,36,590,98.33333333333334,41.266375107828146,3.9936859036994017,2.4956045261390067
none_moving,baseline,1043,37,596,96.64864864864865,41.30313066625744,4.079496906236934,2.51424302690821
none_moving,baseline,1043,38,622,98.21052631578948,41.33268545608732,4.028884130501983,2.537262362739147
none_moving,baseline,1043,39,629,96.76923076923076,41.36807306655774,3.691865621504277,2.55661249134615
none_moving,baseline,1043,40,656,98.39999999999999,41.41652492128016,3.5709499734992813,2.5293128739258677
none_moving,baseline,1043,41,666,97.46341463414633,41.46584730135984,3.752961804501406,2.5109070425876503
none_moving,baseline,1043,42,693,99,41.50920713038885,3.8889261068888414,2.5305272595810484
none_moving,baseline,1043,43,699,97.53488372093024,41.528960834199424,3.905249485577977,2.551162196637002
none_moving,baseline,1043,44,726,99,41.546364716103206,3.9216636357365644,2.5752142475064437
none_moving,baseline,1043,45,733,97.73333333333333,41.60165179377055,4.003827477211135,2.5611669170855107
none_moving,baseline,1043,46,763,99.52173913043477,41.647800788825386,4.091860523245971,2.571189517805325
none_moving,baseline,1043,47,769,98.17021276595746,41.680779421101946,4.080220570511158,2.5601490515871466
none_moving,baseline,1043,48,795,99.375,41.70648999433123,4.082363144621942,2.570389948535855
none_moving,baseline,1043,49,801,98.08163265306122,41.71843676210931,4.104011769845597,2.578836961182977
none_moving,baseline,1043,50,825,99,41.73892101330176,4.121731738086714,2.588640738478069
none_moving,baseline,1043,51,835,98.23529411764706,41.74172708871511,4.120426108620794,2.5740240726113583
none_moving,baseline,1043,52,862,99.46153846153847,41.75523460658815,4.138706457069013,2.5583174525039807
none_moving,baseline,1043,53,868,98.26415094339623,41.79902507201531,4.237211873648575,2.59480720657127
none_moving,baseline,1043,54,894,99.33333333333334,41.84273412465066,4.304098792755394,2.587511140049173
none_moving,baseline,1043,55,900,98.18181818181819,41.879052709858406,4.306163154491495,2.612752908253054
none_moving,baseline,1043,56,930,99.64285714285714,41.90866970617712,4.346309395292123,2.611160954118243
none_moving,baseline,1043,57,937,98.63157894736842,41.94503634653692,4.350953711940243,2.599776536757934
none_moving,baseline,1043,58,964,99.72413793103449,41.97877470912727,4.347900210352046,2.611311089656468
none_moving,baseline,1043,59,970,98.64406779661017,41.980571522089775,4.385099628567456,2.5985612356591363
none_moving,baseline,1043,60,994,99.4,41.99039251404155,4.430852472019494,2.596555967041614
none_moving,baseline,1043,61,1004,98.75409836065575,42.015387157828684,4.4864354847130254,2.5850767823481378
none_moving,baseline,1043,62,1030,99.6774193548387,42.02852614915186,4.522034138188478,2.596431797170644
none_moving,baseline,1043,63,1037,98.76190476190476,42.02296275574276,4.4808087196893505,2.602727106283972
none_moving,baseline,1043,64,1064,99.75,42.027319248234946,4.473746253802696,2.6101570248597374
none_moving,baseline,1043,65,1071,98.86153846153846,42.07328091252686,4.563624802056403,2.620713817445369
none_moving,baseline,1043,66,1101,100.09090909090908,42.12126249134277,4.615027418807554,2.619989957458881
none_moving,baseline,1043,67,1107,99.13432835820896,42.12692768844949,4.664749042278316,2.6153600534119232
none_moving,baseline,1043,68,1133,99.97058823529412,42.13148787945969,4.691670768372257,2.630060885726619
none_moving,baseline,1043,69,1140,99.1304347826087,42.15701081255923,4.691833857969082,2.6420375203778237
none_moving,baseline,1043,70,1166,99.94285714285714,42.181454411993236,4.727313006253968,2.6231547565734408
none_moving,baseline,1043,71,1175,99.29577464788733,42.18808906957526,4.753422328399796,2.6469265279916656
none_moving,baseline,1043,72,1201,100.08333333333333,42.195570443146416,4.769178493624937,2.649991778038615
none_moving,baseline,1043,73,1207,99.2054794520548,42.23893991591336,4.793468975617015,2.6325710640400493
none_moving,baseline,1043,74,1233,99.97297297297297,42.27667595259411,4.862634715795358,2.6438182773434455
none_moving,baseline,1043,75,1240,99.2,42.26022530207752,4.929167445761881,2.6306977898446333
none_moving,baseline,1043,76,1270,100.26315789473685,42.25184068954277,4.945830765984468,2.644592581647494
none_moving,baseline,1043,77,1277,99.5064935064935,42.23470509556366,4.95406730000648,2.6388997027252503
none_moving,baseline,1043,78,1304,100.3076923076923,42.21511942255513,4.978680497081699,2.6433139594653907
none_moving,baseline,1043,79,1311,99.56962025316456,42.228159116940176,5.105786074123015,2.6729492931107974
none_moving,baseline,1043,80,1338,100.35000000000001,42.24611195582707,5.213477795280233,2.650435680746138
none_moving,baseline,1043,81,1346,99.7037037037037,42.256583128357725,5.243668532627679,2.6878443069074254
none_moving,baseline,1043,82,1373,100.46341463414635,42.27852272101867,5.379727426827587,2.672881119343006
none_moving,baseline,1043,83,1380,99.75903614457832,42.274437305955644,5.456159956639198,2.682005790479034
none_moving,baseline,1043,84,1407,100.5,42.26987526352822,5.576476640333442,2.7019179283416017
none_moving,baseline,1043,85,1414,99.81176470588235,42.273420240696886,5.768968256148011,2.711612742648758
none_moving,baseline,1043,86,1443,100.67441860465117,42.27680248453918,5.956623045211579,2.7247609969082025
none_moving,baseline,1043,87,1448,99.86206896551725,42.29894394265783,6.1463886438531485,2.729661984018581
none_moving,baseline,1043,88,1474,100.50000000000001,42.31773839693314,6.279613818741248,2.7292366798587686
none_moving,baseline,1043,89,1480,99.7752808988764,42.301833341687605,6.403066945765438,2.736632986733583
none_moving,baseline,1043,90,1505,100.33333333333333,42.296754679578065,6.442960972452932,2.7656078188978257
none_moving,baseline,1043,91,1513,99.75824175824177,42.31154967401963,6.465786651934496,2.776204780118595
none_moving,baseline,1043,92,1538,100.30434782608695,42.33061368681088,6.524391596091539,2.781038755867254
none_moving,baseline,1043,93,1545,99.6774193548387,42.378583933938046,6.570100772192674,2.7636771284461448
none_moving,baseline,1043,94,1571,100.27659574468085,42.415612662788824,6.63073687258624,2.767592843691797
none_moving,baseline,1043,95,1577,99.6,42.42783560839733,6.6785389912868025,2.7867477376745655
none_moving,baseline,1043,96,1606,100.37499999999999,42.44702577649355,6.697394994503285,2.776575482982024
none_moving,baseline,1043,97,1613,99.77319587628867,42.46734119914421,6.783082963667668,2.7788604132613655
none_moving,baseline,1043,98,1639,100.34693877551021,42.47498869686483,6.828315583795262,2.7803718627143574
none_moving,baseline,1043,99,1646,99.75757575757576,42.51536107682173,6.7367508179723705,2.7757504270340294
none_moving,baseline,1043,100,1672,100.32,42.5351986309816,6.7167188473366135,2.7883927746954185
none_moving,baseline,1043,101,1682,99.92079207920791,42.54321430239358,6.79531992344156,2.8045337345942953
none_moving,baseline,1043,102,1709,100.52941176470588,42.5522605103713,6.822665093954078,2.793780604673638
none_moving,baseline,1043,103,1715,99.90291262135923,42.54703389410498,6.796616257728448,2.772049691249411
none_moving,baseline,1043,104,1740,100.38461538461539,42.53888699288585,6.81198532774948,2.775817576655281
none_moving,baseline,1043,105,1746,99.77142857142857,42.50963950512713,6.814183858564094,2.7749473511378
none_moving,baseline,1043,106,1776,100.52830188679245,42.486953802929726,6.8068057422832355,2.784922481914413
none_moving,baseline,1043,107,1782,99.9252336448598,42.50579973625217,6.75498628083369,2.780469171118213
none_moving,baseline,1043,108,1809,100.5,42.525994785108246,6.7435986106478945,2.7748458927079978
none_moving,baseline,1043,109,1816,99.96330275229357,42.55364104126419,6.876507978897448,2.7883855327569345
none_moving,baseline,1043,110,1841,100.41818181818182,42.567796741694785,6.95382142083404,2.7902047488779465
none_moving,baseline,1043,111,1851,100.05405405405405,42.576991807088135,6.976503598559497,2.7780955033919636
none_moving,baseline,1043,112,1878,100.60714285714286,42.579916477588135,7.007249214268559,2.767721711129557
none_moving,baseline,1043,113,1884,100.0353982300885,42.57846910978639,7.017123926630781,2.795968722689753
none_moving,baseline,1043,114,1910,100.52631578947368,42.5842907669205,7.016025918674619,2.791071659214821
none_moving,baseline,1043,115,1916,99.96521739130434,42.59392788071671,6.978629194382903,2.787809804511847
none_moving,baseline,1043,116,1946,100.6551724137931,42.610618107808065,6.984344018892309,2.7852878572165345
none_moving,baseline,1043,117,1953,100.15384615384616,42.598758353662994,7.0545442489889085,2.783272410811825
none_moving,baseline,1043,118,1977,100.52542372881356,42.579115134084915,7.095478529082513,2.8019595089007265
none_moving,baseline,1043,119,1984,100.03361344537815,42.55847827559201,7.039180235527497,2.7776794263974236
none_moving,baseline,1043,120,2011,100.55,42.5386942222389,7.017565833634647,2.788728830689679
none_moving,baseline,1043,121,2020,100.16528925619835,42.53323120928261,6.974078391752755,2.786971889034209
none_moving,baseline,1043,122,2047,100.67213114754098,42.53549386287428,6.944942443483099,2.7985246461119737
none_moving,baseline,1043,123,2053,100.14634146341464,42.54401332439682,6.997830824762099,2.798082624882087
none_moving,baseline,1043,124,2080,100.64516129032258,42.54886284459174,7.018744745406075,2.781702813098286
none_moving,baseline,1043,125,2086,100.12799999999999,42.553525557554714,7.0424174474485755,2.783576543617102
none_moving,baseline,1043,126,2115,100.71428571428571,42.552751444172095,7.0538415991527375,2.7812880838631826
none_moving,baseline,1043,127,2121,100.20472440944881,42.55229313979793,7.019338422133133,2.7840169652593336
none_moving,baseline,1043,128,2148,100.6875,42.54895499463064,7.024045575220924,2.804141067865492
none_moving,baseline,1043,129,2153,100.13953488372094,42.52224445680515,7.016575680723491,2.7881044591332156
none_moving,baseline,1043,130,2180,100.61538461538463,42.515560066389085,6.998435906774334,2.77659862504631
none_moving,baseline,1043,131,2190,100.30534351145039,42.544688409803356,7.016269749285281,2.8003904677984464
none_moving,baseline,1043,132,2216,100.72727272727272,42.56472639919042,7.02970700157089,2.7911970910757846
none_moving,baseline,1043,133,2222,100.2406015037594,42.56860105512091,6.963815359034541,2.7687208681673527
none_moving,baseline,1043,134,2247,100.61194029850745,42.576887876427314,6.9345287625907535,2.76200453476854
none_moving,baseline,1043,135,2253,100.13333333333334,42.53436745376793,6.891160987902785,2.773950424697049
none_moving,baseline,1043,136,2283,100.72058823529413,42.50974880368381,6.912634758483323,2.77970360086603
none_moving,baseline,1043,137,2289,100.24817518248176,42.518659603514585,6.992343621892495,2.780364068256432
none_moving,baseline,1043,138,2316,100.69565217391305,42.51771764064276,6.998981429935325,2.7795106724160545
none_moving,baseline,1043,139,2321,100.18705035971222,42.520459955148816,7.027930462390647,2.802122859882168
none_moving,baseline,1043,140,2347,100.58571428571427,42.53630980147733,7.0345694950147655,2.811843246490802
none_moving,baseline,1043,141,2356,100.25531914893617,42.55636253544845,7.069312547076484,2.7879184499640823
none_moving,baseline,1043,142,2382,100.64788732394365,42.55481188988482,7.11667061129032,2.7743819649412242
none_moving,baseline,1043,143,2389,100.23776223776224,42.550295164046425,7.072382818053277,2.778982778042079
none_moving,baseline,1043,144,2414,100.58333333333334,42.551690273002265,7.070503710852011,2.7781102495802608
none_moving,baseline,1043,145,2419,100.09655172413794,42.53468705280603,7.179364652514982,2.7903328396584817
none_moving,baseline,1043,146,2449,100.64383561643837,42.526978281855655,7.243508238818685,2.7852292440994857
none_moving,baseline,1043,147,2455,100.20408163265306,42.54737241747585,7.176320418697964,2.783934297649723
none_moving,baseline,1043,148,2481,100.58108108108108,42.55817280469689,7.157497559066896,2.780673256521585
none_moving,baseline,1043,149,2486,100.10738255033557,42.55027585373375,7.1553080743140125,2.7716574799127436
none_moving,baseline,1043,150,2511,100.44,42.55607996648576,7.147816917766851,2.767281335203702
none_moving,baseline,1043,151,2520,100.13245033112582,42.5479640278189,7.096534576102374,2.781278239904752
none_moving,baseline,1043,152,2546,100.5,42.54802940566077,7.081888623864503,2.7802260427225787
none_moving,baseline,1043,153,2553,100.11764705882354,42.535746148835976,7.082204307448428,2.7740936143500865
none_moving,baseline,1043,154,2579,100.48051948051946,42.53523914925482,7.083848685193453,2.7886140493870086
none_moving,baseline,1043,155,2585,100.06451612903226,42.5433905926616,7.133454308012108,2.7751013054400997
none_moving,baseline,1043,156,2615,100.57692307692308,42.54586075481864,7.1501469756135,2.7709395034969555
none_moving,baseline,1043,157,2621,100.16560509554141,42.55896417671929,7.200901769874293,2.78092200164418
none_moving,baseline,1043,158,2648,100.55696202531647,42.55743725097033,7.2126630204253015,2.781517723721381
none_moving,baseline,1043,159,2655,100.18867924528303,42.563415251081146,7.165832129131222,2.7684302251999333
none_moving,baseline,1043,160,2682,100.575,42.56265879229265,7.2004808945300365,2.794924169274956
none_moving,baseline,1043,161,2690,100.24844720496895,42.53909030450829,7.192666104576554,2.7905340001179963
none_moving,baseline,1043,162,2714,100.5185185185185,42.5326797272003,7.168413788444449,2.786419815947991
none_moving,baseline,1043,163,2720,100.12269938650306,42.55287979736644,7.1333671584902145,2.782904982468051
none_moving,baseline,1043,164,2747,100.5,42.559302842579505,7.123661864624315,2.7653516700488594
none_moving,baseline,1043,165,2752,100.07272727272726,42.56882883014254,7.244796050525621,2.7993131231214017
none_moving,baseline,1043,166,2781,100.51807228915663,42.57865405395789,7.302018314123133,2.7824729135370916
none_moving,baseline,1043,167,2788,100.1676646706587,42.55271697383237,7.174530905456948,2.758150100636878
none_moving,baseline,1043,168,2815,100.53571428571429,42.539531396175796,7.0736389844582845,2.7731626275495413
none_moving,baseline,1043,169,2820,100.11834319526626,42.54652895730826,7.074125581623387,2.7827151927788343
none_moving,baseline,1043,170,2845,100.41176470588235,42.54033015143246,7.083887717063658,2.7926627289663304
none_moving,baseline,1043,171,2854,100.14035087719297,42.54678058606528,7.059777003242481,2.7726131056782655
none_moving,baseline,1043,172,2880,100.46511627906976,42.557349321079215,7.077275608559505,2.7728925221269307
none_moving,baseline,1043,173,2887,100.1271676300578,42.556193098847906,7.170167717088967,2.763478503024418
none_moving,baseline,1043,174,2913,100.44827586206897,42.5580387715666,7.187400103354882,2.768572886262065
none_moving,baseline,1043,175,2920,100.11428571428571,42.58337267071016,7.198786367174647,2.775046461554141
none_moving,baseline,1043,176,2948,100.50000000000001,42.600464544130176,7.202268865587882,2.7734178915925534
none_moving,baseline,1043,177,2953,100.10169491525423,42.58220973165536,7.180147177547389,2.783459826008884
none_moving,baseline,1043,178,2979,100.41573033707864,42.56671907930544,7.180495333331996,2.7757764667598637
none_moving,baseline,1043,179,2986,100.08938547486034,42.5506706445632,7.137007976894528,2.7552832956995426
none_moving,baseline,1043,180,3013,100.43333333333334,42.53892727937964,7.11195146605477,2.7419574191891143
none_moving,baseline,1043,181,3021,100.14364640883979,42.541888400351425,7.081655229556055,2.750070442473867
none_moving,baseline,1043,182,3048,100.4835164835165,42.54207350654989,7.066796019391522,2.7589292999390587
none_moving,baseline,1043,183,3055,100.16393442622952,42.5356760114366,7.155835858811831,2.7788920055284483
none_moving,baseline,1043,184,3081,100.46739130434783,42.529009466458525,7.212322825599195,2.7778355973148026
none_moving,baseline,1043,185,3088,100.15135135135135,42.51319321264623,7.146562512279823,2.7754638212441196
none_moving,baseline,1043,186,3116,100.51612903225806,42.51306655660725,7.111348338325976,2.773012693784217
none_moving,baseline,1043,187,3122,100.1711229946524,42.52515457443376,7.125574657531442,2.773055786183682
none_moving,baseline,1043,188,3149,100.5,42.53459734157873,7.116814596115167,2.781919701728061
none_moving,baseline,1043,189,3156,100.1904761904762,42.54235056060834,7.151764145318002,2.786464508372425
none_moving,baseline,1043,190,3183,100.51578947368422,42.552625780705064,7.192244649190665,2.7631053977968705
none_moving,baseline,1043,191,3193,100.30366492146598,42.55285437420575,7.218104261782712,2.777265264372621
none_moving,baseline,1043,192,3220,100.625,42.54902431133272,7.20823932047534,2.783791730905477
none_moving,baseline,1043,193,3225,100.25906735751295,42.555299768800076,7.169135893736891,2.760570461500595
none_moving,baseline,1043,194,3252,100.57731958762886,42.56842830404554,7.1608379644093185,2.755070452156906
none_moving,baseline,1043,195,3258,100.24615384615385,42.58083352313795,7.22584161855253,2.7721877881015677
none_moving,baseline,1043,196,3286,100.59183673469389,42.58124595021907,7.247875374719094,2.784213410706053
none_moving,baseline,1043,197,3292,100.26395939086295,42.56536637652448,7.139872666220559,2.7822740487488113
none_moving,baseline,1043,198,3317,100.51515151515152,42.56695195323306,7.10439247875418,2.7803027940664053
none_moving,baseline,1043,199,3324,100.22110552763817,42.54532062128749,7.141319895658545,2.7721299895876217
none_moving,baseline,1043,200,3350,100.5,42.54296048457431,7.157587949744088,2.756989048799201
none_moving,baseline,1043,201,3359,100.2686567164179,42.578760499738415,7.2094338648797205,2.7755438208198733
none_moving,baseline,1043,202,3386,100.57425742574259,42.60679668310157,7.249479716305698,2.7658165792242255
none_moving,baseline,1043,203,3390,100.19704433497537,42.600217899809124,7.225299476890192,2.7539618251322864
none_moving,baseline,1043,204,3417,100.5,42.60158471823268,7.189626284052507,2.7726577730817104
none_moving,baseline,1043,205,3424,100.21463414634147,42.5985764376911,7.18290329889213,2.7711680914407397
none_moving,baseline,1043,206,3454,100.60194174757281,42.591155214970385,7.189735834947389,2.7674766210159922
none_moving,baseline,1043,207,3460,100.28985507246377,42.58468890348556,7.237963598944271,2.763983052932597
none_moving,baseline,1043,208,3487,100.58653846153845,42.57898869486271,7.259956994011387,2.7697614900136993
none_moving,baseline,1043,209,3493,100.2775119617225,42.57470626026879,7.276778857216399,2.7713463183433076
none_moving,baseline,1043,210,3520,100.57142857142857,42.56118513705302,7.2814716463125455,2.7723697720624485
none_moving,baseline,1043,211,3529,100.35071090047393,42.541422492105184,7.19455090745847,2.7513297911138013
none_moving,baseline,1043,212,3556,100.64150943396227,42.52196642239967,7.135007687202365,2.748947107806064
none_moving,baseline,1043,213,3561,100.30985915492958,42.537826008864734,7.166127612957976,2.764119795108204
none_moving,baseline,1043,214,3586,100.54205607476635,42.55830922568297,7.1982143074729805,2.7691752461503945
none_moving,baseline,1043,215,3592,100.24186046511628,42.57012721095125,7.263962467340003,2.76789871377451
none_moving,baseline,1043,216,3621,100.58333333333334,42.567904952861895,7.288871942676027,2.754671120102666
none_moving,baseline,1043,217,3628,100.31336405529954,42.52474615513574,7.242693835283729,2.7634952962745696
none_moving,baseline,1043,218,3654,100.56880733944953,42.50454846866735,7.235151635947565,2.763736812946131
none_moving,baseline,1043,219,3661,100.3013698630137,42.52419566157756,7.196853632618881,2.76738481599899
none_moving,baseline,1043,220,3687,100.55454545454546,42.549984606286706,7.19393273641036,2.7634887087217237
none_moving,baseline,1043,221,3697,100.3710407239819,42.55650600098752,7.1561802679150945,2.7539048384636335
none_moving,baseline,1043,222,3724,100.64864864864863,42.5538173844049,7.112264569767378,2.752834707981221
none_moving,baseline,1043,223,3731,100.38565022421525,42.55760296422126,7.2238601267366755,2.7791444523278286
none_moving,baseline,1043,224,3756,100.60714285714286,42.560806851795896,7.272272495479819,2.783878502949314
none_moving,baseline,1043,225,3761,100.29333333333334,42.557788735482994,7.186185171618315,2.7647785919452477
none_moving,baseline,1043,226,3789,100.5929203539823,42.5511441080372,7.138162663564516,2.736253101395451
none_moving,baseline,1043,227,3793,100.25550660792952,42.55589647641334,7.161581610566003,2.7592561632164525
none_moving,baseline,1043,228,3819,100.5,42.55548678318652,7.213896544725772,2.784439095536851
none_moving,baseline,1043,229,3825,100.21834061135371,42.5899252097619,7.231010170710472,2.753024322029397
none_moving,baseline,1043,230,3851,100.4608695652174,42.60971224935541,7.264086863765963,2.7670798164531454
none_moving,baseline,1043,231,3861,100.28571428571429,42.61106671157073,7.313313213694879,2.774078930021297
none_moving,baseline,1043,232,3886,100.5,42.60920142623434,7.308730679723309,2.759711524814002
none_moving,baseline,1043,233,3893,100.24892703862662,42.596143797472756,7.304742000771315,2.7673161868201057
none_moving,baseline,1043,234,3920,100.51282051282051,42.59799795092557,7.295655828163483,2.7576754556772953
none_moving,baseline,1043,235,3927,100.26382978723404,42.622037327408954,7.35496658906322,2.7842675943042887
none_moving,baseline,1043,236,3956,100.57627118644069,42.63558311886293,7.387499452865694,2.776128374376026
none_moving,baseline,1043,237,3961,100.27848101265823,42.61779108957901,7.3346550990557065,2.78011831043592
none_moving,baseline,1043,238,3987,100.5126050420168,42.614749584374884,7.295994658326586,2.7651338596762605
none_moving,baseline,1043,239,3994,100.26778242677824,42.61799301920447,7.250157006014637,2.740600579114704
none_moving,baseline,1043,240,4021,100.525,42.61047068544766,7.227411614841747,2.757828268665155
none_moving,baseline,1043,241,4030,100.33195020746888,42.57734672657808,7.176642144818936,2.7688562308375113
none_moving,baseline,1043,242,4057,100.58677685950413,42.566035751855374,7.161243534989664,2.7822677982236583
none_moving,baseline,1043,243,4061,100.27160493827161,42.579315713247844,7.181107520463248,2.7698698852206296
none_moving,baseline,1043,244,4088,100.52459016393443,42.581185838670685,7.207675798820465,2.7679180226838946
none_moving,baseline,1043,245,4095,100.28571428571429,42.587232466520035,7.275305124187932,2.758315824312191
none_moving,baseline,1043,246,4124,100.58536585365854,42.591895484307514,7.303954777196803,2.7631406807153205
none_moving,baseline,1043,247,4130,100.32388663967612,42.58003816120908,7.266780836623363,2.7585049194456484
none_moving,baseline,1043,248,4156,100.54838709677419,42.57632382751003,7.253324577557725,2.757279422753934
none_moving,baseline,1043,249,4163,100.3132530120482,42.57433798761161,7.234689430318762,2.732350318689297
none_moving,baseline,1043,250,4190,100.55999999999999,42.57710070673329,7.211482514324588,2.7434171533980276
none_moving,baseline,1043,251,4199,100.37450199203187,42.58276299323171,7.190912194069917,2.7461952629030386
none_moving,baseline,1043,252,4226,100.61904761904762,42.581868376643165,7.211569888426811,2.744778814723616
none_moving,baseline,1043,253,4232,100.36363636363636,42.569423487935524,7.271170127597287,2.772348493663098
none_moving,baseline,1043,254,4257,100.55905511811024,42.56891581252301,7.286618425551638,2.773021432738285
none_moving,baseline,1043,255,4261,100.25882352941177,42.55865633241447,7.354565550993994,2.768367226337715
none_moving,baseline,1043,256,4291,100.5703125,42.53380625124457,7.351911012046678,2.748081808982407
none_moving,baseline,1043,257,4298,100.34241245136187,42.52532334141952,7.202505962344659,2.77241023096393
none_moving,baseline,1043,258,4323,100.53488372093024,42.52015610104045,7.122113879965504,2.7665900232124767
none_moving,baseline,1043,259,4329,100.28571428571429,42.51571911219003,7.145480806162177,2.7633790740910795
none_moving,baseline,1043,260,4355,100.5,42.51314401251887,7.177817676389779,2.7679354460123173
none_moving,baseline,1043,261,4365,100.3448275862069,42.536069720757055,7.250059463436356,2.7697140447001805
none_moving,baseline,1043,262,4392,100.58015267175573,42.543737789329484,7.2647038285426335,2.7732534253968923
none_moving,baseline,1043,263,4399,100.35741444866919,42.52801768359309,7.1283239149545565,2.7615078562587807
none_moving,baseline,1043,264,4425,100.56818181818181,42.53230086015783,7.0852169274933114,2.7782060842021967
none_moving,baseline,1043,265,4432,100.34716981132074,42.53553337868126,7.2141078504229315,2.7638626846698044
none_moving,baseline,1043,266,4462,100.64661654135338,42.531562045965025,7.265399757213218,2.7682062296950396
none_moving,baseline,1043,267,4468,100.40449438202248,42.5380086272893,7.207147951370554,2.749420048288346
none_moving,baseline,1043,268,4495,100.63432835820895,42.53472929852619,7.196380427924454,2.762380850249545
none_moving,baseline,1043,269,4500,100.37174721189591,42.535821266442774,7.268701672886789,2.779367210894492
none_moving,baseline,1043,270,4526,100.57777777777778,42.53095056872252,7.290898956438416,2.793212737502459
none_moving,baseline,1043,271,4536,100.4280442804428,42.51804359692999,7.192199479674388,2.7773865630938652
none_moving,baseline,1043,272,4563,100.65441176470588,42.52364745753751,7.180153675850794,2.7797292576010224
none_moving,baseline,1043,273,4569,100.41758241758242,42.52157528742278,7.171447804361145,2.7661648011950497
none_moving,baseline,1043,274,4594,100.5985401459854,42.51596564252486,7.161019413894567,2.7864440215802664
none_moving,baseline,1043,275,4601,100.38545454545455,42.533375796343115,7.262561076239294,2.7890998151614594
none_moving,baseline,1043,276,4631,100.67391304347828,42.55266408872054,7.337929721163754,2.7844242275746796
none_moving,baseline,1043,277,4637,100.4404332129964,42.55062331061004,7.382006360915281,2.7745100805552063
none_moving,baseline,1043,278,4664,100.66187050359711,42.53917483528796,7.400444210243406,2.767887038448684
none_moving,baseline,1043,279,4669,100.40860215053762,42.52475720409015,7.346935531607106,2.79054700017799
none_moving,baseline,1043,280,4693,100.56428571428572,42.515697798220444,7.2996579133600585,2.7859912529226074
none_moving,baseline,1043,281,4703,100.41992882562278,42.52152173173218,7.203642341991504,2.7842050647670944
none_moving,baseline,1043,282,4729,100.61702127659574,42.535799464211614,7.152621263057985,2.7647417605076052
none_moving,baseline,1043,283,4736,100.40989399293287,42.55291497727969,7.155406880458372,2.764027700786251
none_moving,baseline,1043,284,4762,100.6056338028169,42.54866283820011,7.161085981659404,2.7691842964984903
none_moving,baseline,1043,285,4768,100.37894736842105,42.53708539461451,7.192795931506214,2.7791915512624956
none_moving,baseline,1043,286,4797,100.63636363636364,42.52757528052089,7.2123602852550865,2.7634287660043904
none_moving,baseline,1043,287,4803,100.41114982578398,42.51049792255909,7.259068548085003,2.780880184651267
none_moving,baseline,1043,288,4829,100.60416666666667,42.503066569414386,7.265426576512722,2.7790441839632543
none_moving,baseline,1043,289,4832,100.31833910034602,42.52731761439433,7.209127132242876,2.7636435857813604
none_moving,baseline,1043,290,4859,100.53103448275863,42.54345858596435,7.215216610855419,2.758224133036576
none_moving,baseline,1043,291,4868,100.37113402061857,42.54818445160221,7.225731011798371,2.7468877203286337
none_moving,baseline,1043,292,4894,100.56164383561644,42.55792670403001,7.218176670373743,2.7479456457469107
none_moving,baseline,1043,293,4901,100.3617747440273,42.558133577459635,7.1775272130729055,2.748099331451925
none_moving,baseline,1043,294,4927,100.55102040816325,42.56190061544806,7.171893170471642,2.7627138819612087
none_moving,baseline,1043,295,4933,100.33220338983051,42.579368333655424,7.289619627269376,2.7712391149888593
none_moving,baseline,1043,296,4963,100.60135135135135,42.57759173091567,7.3349026736180605,2.7503906440521786
none_moving,baseline,1043,297,4969,100.38383838383838,42.58773328320698,7.297469931630851,2.74578154935161
none_moving,baseline,1043,298,4996,100.59060402684564,42.591741144786546,7.29024898599678,2.771411342395037
none_moving,baseline,1043,299,5003,100.39464882943145,42.586362646416454,7.307035999088598,2.763389499508532
none_moving,baseline,1043,300,5029,100.58,42.590318779894055,7.305113164085008,2.7600681997950325